index,tile_name,path,raw_neighbors,kept_neighbors,bridge_neighbors,raw_best_local_overlap_frac,raw_mean_local_overlap_frac,kept_best_local_overlap_frac,kept_mean_local_overlap_frac,raw_best_pair_strength,raw_mean_pair_strength,kept_best_pair_strength,kept_mean_pair_strength,raw_connectivity,kept_connectivity,retention_ratio,radial_distance_deg,center_x_deg,center_y_deg,area_sqdeg,width_deg,height_deg,pixel_scale_arcsec,pa_deg,filter,exposure_s,date_obs,date_ord,days_from_median,stack_count,stack_weight_proxy,anchor_score_raw,anchor_score_kept,is_isolated_raw,is_isolated_kept,is_low_neighbor_raw,is_low_neighbor_kept,is_low_best_overlap_raw,is_low_best_overlap_kept,is_peripheral,is_date_outlier
0,master_tile_000.fits,C:\Users\TRISTAN\Desktop\astrophoto\andromeda\out\4-5-0\zemosaic_temp_master_tiles\master_tile_000.fits,55,8,0,0.923183,0.281724,0.923183,0.789052,0.730159,0.208469,0.730159,0.581661,6.64746050,2.70810575,0.145455,1.109871,0.111805,1.104225,0.42901235,0.437798,1.019451,2.373311,269.2194,IRCUT,,2025-09-02T09:48:03.433975,20333.408373,0.007,,1.000000,6.64746050,2.70810575,0,0,0,1,0,0,0,0
1,master_tile_001.fits,C:\Users\TRISTAN\Desktop\astrophoto\andromeda\out\4-5-0\zemosaic_temp_master_tiles\master_tile_001.fits,54,8,0,0.920875,0.315164,0.920875,0.723453,0.711725,0.241640,0.711725,0.525035,7.10171339,2.41508806,0.148148,0.842988,0.373356,-0.755801,0.41728518,0.442125,1.026443,2.374066,268.2601,IRCUT,,2025-07-04T07:49:00.998930,20273.325706,-60.076,,1.000000,7.10171339,2.41508806,0,0,0,1,0,0,0,0
2,master_tile_002.fits,C:\Users\TRISTAN\Desktop\astrophoto\andromeda\out\4-5-0\zemosaic_temp_master_tiles\master_tile_002.fits,50,8,0,0.919854,0.312036,0.919854,0.760530,0.676078,0.234949,0.676078,0.584894,6.67050791,2.60130116,0.160000,0.899496,-0.377685,0.816362,0.42754743,0.448485,1.024817,2.374160,268.5125,IRCUT,,2025-07-04T08:29:10.539528,20273.353594,-60.048,,1.000000,6.67050791,2.60130116,0,0,0,1,0,0,0,0
3,master_tile_003.fits,C:\Users\TRISTAN\Desktop\astrophoto\andromeda\out\4-5-0\zemosaic_temp_master_tiles\master_tile_003.fits,46,9,0,0.884609,0.345128,0.884609,0.736941,0.704879,0.256334,0.704879,0.548523,6.78342884,2.83390887,0.195652,0.960669,-0.517301,0.809497,0.42727810,0.447810,1.024513,2.373833,268.5399,IRCUT,,2025-07-04T08:31:58.300441,20273.355536,-60.046,,1.000000,6.78342884,2.83390887,0,0,1,0,0,0,0,0
4,master_tile_004.fits,C:\Users\TRISTAN\Desktop\astrophoto\andromeda\out\4-5-0\zemosaic_temp_master_tiles\master_tile_004.fits,47,8,0,0.817518,0.287889,0.817518,0.716557,0.699887,0.203115,0.699887,0.472166,5.61770559,2.38000347,0.170213,1.110473,-0.158361,-1.099124,0.41518018,0.434336,1.024296,2.374122,268.5730,IRCUT,,2025-07-04T08:40:21.140473,20273.361356,-60.040,,1.000000,5.61770559,2.38000347,0,0,0,1,0,0,0,0
5,master_tile_005.fits,C:\Users\TRISTAN\Desktop\astrophoto\andromeda\out\4-5-0\zemosaic_temp_master_tiles\master_tile_005.fits,60,8,0,0.863243,0.322796,0.863243,0.754471,0.687938,0.226534,0.687938,0.526829,8.16722578,2.54523402,0.133333,0.885077,-0.884197,-0.039449,0.42169200,0.455593,1.029614,2.373817,267.8164,IRCUT,,2025-07-05T07:35:18.133524,20274.316182,-59.085,,1.000000,8.16722578,2.54523402,0,0,0,1,0,0,0,0
6,master_tile_006.fits,C:\Users\TRISTAN\Desktop\astrophoto\andromeda\out\4-5-0\zemosaic_temp_master_tiles\master_tile_006.fits,21,9,0,0.981529,0.459219,0.981529,0.757524,0.701851,0.335308,0.701851,0.535078,4.04112896,2.85695157,0.428571,1.287663,-1.222523,-0.404368,0.41904794,0.431880,1.021172,2.373009,268.9561,IRCUT,,2025-08-27T09:50:00.702521,20327.409730,-5.992,,1.000000,4.04112896,2.85695157,0,0,1,0,0,0,1,0
7,master_tile_007.fits,C:\Users\TRISTAN\Desktop\astrophoto\andromeda\out\4-5-0\zemosaic_temp_master_tiles\master_tile_007.fits,9,8,0,0.841813,0.439937,0.841813,0.492598,0.575819,0.300254,0.575819,0.336426,1.68247180,1.67454590,0.888889,1.384966,1.295784,0.488953,0.42492736,0.438242,1.021162,2.373228,268.9507,IRCUT,,2025-08-27T09:55:59.331845,20327.413881,-5.987,,1.000000,1.68247180,1.67454590,0,0,1,1,0,0,1,0
8,master_tile_008.fits,C:\Users\TRISTAN\Desktop\astrophoto\andromeda\out\4-5-0\zemosaic_temp_master_tiles\master_tile_008.fits,36,8,0,0.904930,0.316912,0.904930,0.745668,0.633313,0.228663,0.633313,0.499870,4.75447090,2.48597563,0.222222,1.278385,-1.087997,-0.671215,0.41673613,0.431126,1.019632,2.373351,268.8950,IRCUT,,2025-08-27T11:00:44.843904,20327.458852,-5.942,,1.000000,4.75447090,2.48597563,0,0,1,1,0,0,1,0
9,master_tile_009.fits,C:\Users\TRISTAN\Desktop\astrophoto\andromeda\out\4-5-0\zemosaic_temp_master_tiles\master_tile_009.fits,86,9,0,1.000000,0.272650,1.000000,0.805939,0.696587,0.203089,0.696587,0.576551,9.89469806,3.06086257,0.104651,0.084531,0.084061,-0.008907,0.42198692,0.432421,1.020499,2.373975,269.0834,IRCUT,,2025-07-24T08:46:43.900686,20293.365786,-40.035,,1.000000,9.89469806,3.06086257,0,0,0,0,0,0,0,0
10,master_tile_010.fits,C:\Users\TRISTAN\Desktop\astrophoto\andromeda\out\4-5-0\zemosaic_temp_master_tiles\master_tile_010.fits,11,8,0,0.813777,0.403291,0.813777,0.503073,0.532984,0.293913,0.532984,0.364383,1.86081119,1.68815412,0.727273,1.528408,-1.431972,-0.534310,0.41946054,0.418834,1.017437,2.376322,269.6653,IRCUT,,2025-11-18T00:32:52.675327,20410.022832,76.622,,1.000000,1.86081119,1.68815412,0,0,1,1,0,0,1,0
11,master_tile_011.fits,C:\Users\TRISTAN\Desktop\astrophoto\andromeda\out\4-5-0\zemosaic_temp_master_tiles\master_tile_011.fits,47,8,0,0.994156,0.283994,0.994156,0.713413,0.706610,0.214633,0.706610,0.505021,5.54462644,2.37080711,0.170213,0.913545,0.520632,-0.750670,0.41539878,0.440139,1.026349,2.374299,268.2506,IRCUT,,2025-07-04T07:50:03.818961,20273.326433,-60.075,,1.000000,5.54462644,2.37080711,0,0,0,1,0,0,0,0
12,master_tile_012.fits,C:\Users\TRISTAN\Desktop\astrophoto\andromeda\out\4-5-0\zemosaic_temp_master_tiles\master_tile_012.fits,22,8,0,0.905881,0.358338,0.905881,0.667839,0.870044,0.337869,0.870044,0.638510,4.70364041,3.18771966,0.363636,1.208970,1.114465,0.468591,0.59664793,0.534123,1.192386,2.373261,268.5964,IRCUT,,2025-09-02T12:15:59.025408,20333.511100,0.110,,1.000000,4.70364041,3.18771966,0,0,1,1,0,0,0,0
13,master_tile_013.fits,C:\Users\TRISTAN\Desktop\astrophoto\andromeda\out\4-5-0\zemosaic_temp_master_tiles\master_tile_013.fits,49,8,0,0.973473,0.286913,0.973473,0.687377,0.759388,0.273809,0.759388,0.658065,8.50084054,3.32506599,0.163265,1.323066,-0.662504,-1.145248,0.60466594,0.497408,1.227883,2.372039,270.1422,IRCUT,,2025-11-19T21:22:27.447481,20411.890595,78.489,,1.000000,8.50084054,3.32506599,0,0,0,1,0,0,1,1
14,master_tile_014.fits,C:\Users\TRISTAN\Desktop\astrophoto\andromeda\out\4-5-0\zemosaic_temp_master_tiles\master_tile_014.fits,95,12,0,0.853775,0.282206,0.853775,0.723817,0.792421,0.247530,0.792421,0.652270,13.60273306,4.40703173,0.126316,0.236518,0.169209,-0.165254,0.50738317,0.513225,1.020034,2.372861,269.2719,IRCUT,,2025-09-02T09:18:20.226504,20333.387734,-0.014,,1.000000,13.60273306,4.40703173,0,0,0,0,0,0,0,0
15,master_tile_015.fits,C:\Users\TRISTAN\Desktop\astrophoto\andromeda\out\4-5-0\zemosaic_temp_master_tiles\master_tile_015.fits,57,8,0,0.978894,0.277677,0.978894,0.724809,0.706610,0.243898,0.706610,0.603189,7.98452857,2.92515663,0.140351,0.819132,0.552742,-0.604527,0.50446990,0.530543,1.030139,2.374211,268.1272,IRCUT,,2025-07-04T07:17:14.772579,20273.303643,-60.098,,1.000000,7.98452857,2.92515663,0,0,0,1,0,0,0,0
16,master_tile_016.fits,C:\Users\TRISTAN\Desktop\astrophoto\andromeda\out\4-5-0\zemosaic_temp_master_tiles\master_tile_016.fits,62,9,0,0.906239,0.295269,0.906239,0.729959,0.809957,0.259945,0.809957,0.631734,9.21216874,3.30592467,0.145161,0.774815,0.122104,-0.765134,0.50321293,0.526220,1.028525,2.374112,268.2812,IRCUT,,2025-07-04T07:46:55.366146,20273.324252,-60.077,,1.000000,9.21216874,3.30592467,0,0,0,0,0,0,0,0
17,master_tile_017.fits,C:\Users\TRISTAN\Desktop\astrophoto\andromeda\out\4-5-0\zemosaic_temp_master_tiles\master_tile_017.fits,64,8,0,0.731951,0.242434,0.731951,0.679658,0.731951,0.232245,0.731951,0.642685,9.40981941,3.29752973,0.125000,0.897091,0.074498,-0.893992,0.60646896,0.500061,1.228085,2.370908,269.7014,IRCUT,,2025-11-17T21:38:48.908766,20409.901955,76.501,,1.000000,9.40981941,3.29752973,0,0,0,1,1,1,0,0
18,master_tile_018.fits,C:\Users\TRISTAN\Desktop\astrophoto\andromeda\out\4-5-0\zemosaic_temp_master_tiles\master_tile_018.fits,61,10,0,0.980838,0.255452,0.980838,0.754231,0.832695,0.224943,0.832695,0.658981,8.03401071,3.88863215,0.163934,0.864726,-0.258394,0.825217,0.51557592,0.536176,1.027489,2.374036,268.4369,IRCUT,,2025-07-04T08:26:43.724149,20273.351895,-60.049,,1.000000,8.03401071,3.88863215,0,0,0,0,0,0,0,0
19,master_tile_019.fits,C:\Users\TRISTAN\Desktop\astrophoto\andromeda\out\4-5-0\zemosaic_temp_master_tiles\master_tile_019.fits,50,9,0,0.811190,0.338769,0.811190,0.688292,0.747827,0.282459,0.747827,0.590387,8.49381816,3.10630899,0.180000,1.194134,-0.535363,-1.067399,0.50145186,0.508262,1.021824,2.375032,269.1824,IRCUT,,2025-11-18T21:11:13.438778,20410.882794,77.482,,1.000000,8.49381816,3.10630899,0,0,0,0,0,0,0,1
20,master_tile_020.fits,C:\Users\TRISTAN\Desktop\astrophoto\andromeda\out\4-5-0\zemosaic_temp_master_tiles\master_tile_020.fits,68,8,0,0.965994,0.364243,0.965994,0.838128,0.828465,0.303572,0.828465,0.670473,12.51405402,3.38764580,0.117647,0.788614,-0.612722,-0.496472,0.50524012,0.504167,1.016905,2.374235,269.6834,IRCUT,,2025-08-21T10:05:05.566165,20321.420203,-11.981,,1.000000,12.51405402,3.38764580,0,0,0,1,0,0,0,0
21,master_tile_021.fits,C:\Users\TRISTAN\Desktop\astrophoto\andromeda\out\4-5-0\zemosaic_temp_master_tiles\master_tile_021.fits,70,9,0,0.877620,0.290493,0.877620,0.756749,0.828699,0.254581,0.828699,0.625172,10.25085179,3.43336494,0.128571,0.640233,0.085418,-0.634509,0.50411058,0.503135,1.017160,2.374122,269.6689,IRCUT,,2025-08-21T10:13:32.119777,20321.426066,-11.975,,1.000000,10.25085179,3.43336494,0,0,0,0,0,0,0,0
22,master_tile_022.fits,C:\Users\TRISTAN\Desktop\astrophoto\andromeda\out\4-5-0\zemosaic_temp_master_tiles\master_tile_022.fits,66,8,0,0.832496,0.315091,0.832496,0.709608,0.688918,0.230939,0.688918,0.504615,8.77866258,2.39638793,0.121212,0.717158,0.715769,-0.044613,0.42213217,0.423065,1.017593,2.373959,269.6501,IRCUT,,2025-08-21T11:01:20.197960,20321.459262,-11.942,,1.000000,8.77866258,2.39638793,0,0,0,1,0,0,0,0
23,master_tile_023.fits,C:\Users\TRISTAN\Desktop\astrophoto\andromeda\out\4-5-0\zemosaic_temp_master_tiles\master_tile_023.fits,73,10,0,0.767221,0.327082,0.767221,0.692181,0.688918,0.280670,0.688918,0.600996,12.17985965,3.53087566,0.136986,0.709171,0.697855,0.126185,0.51010871,0.510292,1.017801,2.373923,269.6068,IRCUT,,2025-08-21T11:03:26.997518,20321.460729,-11.941,,1.000000,12.17985965,3.53087566,0,0,0,0,1,1,0,0
24,master_tile_024.fits,C:\Users\TRISTAN\Desktop\astrophoto\andromeda\out\4-5-0\zemosaic_temp_master_tiles\master_tile_024.fits,82,8,0,1.000000,0.370323,1.000000,0.896709,0.748684,0.279195,0.748684,0.643249,12.77470871,3.01785439,0.097561,0.342754,0.288751,-0.184671,0.42068483,0.425578,1.018422,2.373594,270.6244,IRCUT,,2025-08-22T11:08:03.491289,20322.463929,-10.937,,1.000000,12.77470871,3.01785439,0,0,0,1,0,0,0,0
25,master_tile_025.fits,C:\Users\TRISTAN\Desktop\astrophoto\andromeda\out\4-5-0\zemosaic_temp_master_tiles\master_tile_025.fits,52,8,0,1.000000,0.330625,1.000000,0.745845,0.681924,0.234651,0.681924,0.538200,7.15263655,2.48236940,0.153846,1.100612,-0.875438,-0.667050,0.41603297,0.431587,1.017716,2.373375,268.8719,IRCUT,,2025-08-27T10:45:15.524609,20327.448096,-5.953,,1.000000,7.15263655,2.48236940,0,0,0,1,0,0,0,0
26,master_tile_026.fits,C:\Users\TRISTAN\Desktop\astrophoto\andromeda\out\4-5-0\zemosaic_temp_master_tiles\master_tile_026.fits,20,8,0,0.973283,0.376183,0.973283,0.696382,0.701851,0.320477,0.701851,0.592356,3.81001347,2.82120478,0.400000,1.377569,-1.284869,-0.496797,0.50640374,0.423117,1.228074,2.376092,269.5387,IRCUT,,2025-11-17T23:05:32.395939,20409.962181,76.561,,1.000000,3.81001347,2.82120478,0,0,1,1,0,0,1,0
27,master_tile_027.fits,C:\Users\TRISTAN\Desktop\astrophoto\andromeda\out\4-5-0\zemosaic_temp_master_tiles\master_tile_027.fits,48,13,0,0.894941,0.266555,0.894941,0.525955,0.863852,0.250845,0.863852,0.498255,7.62867539,4.07674648,0.270833,0.947817,0.926577,0.199526,0.59624093,0.528504,1.194754,2.373428,268.7696,IRCUT,,2025-08-27T12:02:22.602281,20327.501650,-5.900,,1.000000,7.62867539,4.07674648,0,0,0,0,0,0,0,0
28,master_tile_028.fits,C:\Users\TRISTAN\Desktop\astrophoto\andromeda\out\4-5-0\zemosaic_temp_master_tiles\master_tile_028.fits,63,8,0,0.882572,0.363960,0.882572,0.810438,0.787651,0.304796,0.787651,0.650266,11.74925613,3.32220417,0.126984,0.743496,-0.713366,0.209511,0.51240879,0.438504,1.234410,2.373750,269.0072,IRCUT,,2025-11-17T20:27:00.194687,20409.852086,76.451,,1.000000,11.74925613,3.32220417,0,0,0,1,0,0,0,0
29,master_tile_029.fits,C:\Users\TRISTAN\Desktop\astrophoto\andromeda\out\4-5-0\zemosaic_temp_master_tiles\master_tile_029.fits,70,12,0,0.832057,0.304421,0.832057,0.666765,0.832057,0.290077,0.832057,0.650185,12.55633671,4.71458617,0.171429,0.668463,0.274770,-0.609381,0.58923679,0.514480,1.192032,2.374033,269.1711,IRCUT,,2025-10-13T05:49:01.550723,20374.242379,40.841,,1.000000,12.55633671,4.71458617,0,0,0,0,0,0,0,0
30,master_tile_030.fits,C:\Users\TRISTAN\Desktop\astrophoto\andromeda\out\4-5-0\zemosaic_temp_master_tiles\master_tile_030.fits,86,11,0,0.959077,0.359895,0.959077,0.800127,0.823533,0.314699,0.823533,0.703680,15.74042638,4.47603302,0.127907,0.475726,0.472676,-0.053776,0.50855946,0.517680,1.022136,2.373993,269.0747,IRCUT,,2025-10-13T05:53:15.427245,20374.245317,40.844,,1.000000,15.74042638,4.47603302,0,0,0,0,0,0,0,0
31,master_tile_031.fits,C:\Users\TRISTAN\Desktop\astrophoto\andromeda\out\4-5-0\zemosaic_temp_master_tiles\master_tile_031.fits,79,9,0,0.996734,0.264605,0.996734,0.806670,0.696587,0.194751,0.696587,0.565883,8.75853289,3.04190424,0.113924,0.153194,0.009053,-0.152926,0.41899319,0.429689,1.020488,2.373988,269.0701,IRCUT,,2025-07-24T08:32:23.156124,20293.355824,-40.045,,1.000000,8.75853289,3.04190424,0,0,0,0,0,0,0,0
32,master_tile_032.fits,C:\Users\TRISTAN\Desktop\astrophoto\andromeda\out\4-5-0\zemosaic_temp_master_tiles\master_tile_032.fits,86,9,0,0.883825,0.227751,0.883825,0.709471,0.713133,0.197089,0.713133,0.569316,10.01410418,3.26460799,0.104651,0.064598,-0.029277,0.057582,0.51127413,0.436446,1.234180,2.374022,269.0924,IRCUT,,2025-07-24T08:41:36.508867,20293.362228,-40.039,,1.000000,10.01410418,3.26460799,0,0,0,0,0,0,0,0
33,master_tile_033.fits,C:\Users\TRISTAN\Desktop\astrophoto\andromeda\out\4-5-0\zemosaic_temp_master_tiles\master_tile_033.fits,73,9,0,0.999921,0.350870,0.999921,0.851344,0.821530,0.300239,0.821530,0.677572,13.15971520,3.93662859,0.123288,0.905629,0.535454,0.730378,0.51377960,0.425113,1.229488,2.373375,269.7107,IRCUT,,2025-08-26T11:27:42.008482,20326.477570,-6.924,,1.000000,13.15971520,3.93662859,0,0,0,0,0,0,0,0
34,master_tile_034.fits,C:\Users\TRISTAN\Desktop\astrophoto\andromeda\out\4-5-0\zemosaic_temp_master_tiles\master_tile_034.fits,72,8,0,0.999962,0.312948,0.999962,0.773414,0.815016,0.298916,0.815016,0.700009,14.03487382,3.85394340,0.111111,0.954505,0.611972,0.732510,0.62287872,0.512882,1.229532,2.373375,269.7395,IRCUT,,2025-08-26T11:28:43.541485,20326.478282,-6.923,,1.000000,14.03487382,3.85394340,0,0,0,1,0,0,0,0
35,master_tile_035.fits,C:\Users\TRISTAN\Desktop\astrophoto\andromeda\out\4-5-0\zemosaic_temp_master_tiles\master_tile_035.fits,52,8,0,0.947083,0.339982,0.947083,0.844509,0.663218,0.249049,0.663218,0.573487,7.29663048,2.78841419,0.153846,0.821108,0.007747,-0.821071,0.41272716,0.413594,1.016349,2.373518,269.6290,IRCUT,,2025-08-26T12:01:33.779149,20326.501085,-6.900,,1.000000,7.29663048,2.78841419,0,0,0,1,0,0,0,0
36,master_tile_036.fits,C:\Users\TRISTAN\Desktop\astrophoto\andromeda\out\4-5-0\zemosaic_temp_master_tiles\master_tile_036.fits,71,10,0,0.931516,0.233754,0.931516,0.729246,0.814562,0.217590,0.814562,0.676513,9.47395310,4.16282521,0.140845,0.743015,-0.232975,0.705545,0.57083957,0.512808,1.127752,2.373430,269.7362,IRCUT,,2025-08-26T11:40:01.251435,20326.486126,-6.915,,1.000000,9.47395310,4.16282521,0,0,0,0,0,0,0,0
37,master_tile_037.fits,C:\Users\TRISTAN\Desktop\astrophoto\andromeda\out\4-5-0\zemosaic_temp_master_tiles\master_tile_037.fits,78,16,0,0.754448,0.286473,0.754448,0.618256,0.754448,0.283951,0.754448,0.615543,15.61954803,6.91478803,0.205128,0.620870,-0.556987,0.274308,0.69902112,0.596056,1.187247,2.374164,269.7206,IRCUT,,2025-08-21T09:55:36.176569,20321.413613,-11.988,,1.000000,15.61954803,6.91478803,0,0,0,0,1,1,0,0
38,master_tile_038.fits,C:\Users\TRISTAN\Desktop\astrophoto\andromeda\out\4-5-0\zemosaic_temp_master_tiles\master_tile_038.fits,80,11,0,0.945731,0.304112,0.945731,0.666763,0.912520,0.300999,0.912520,0.655667,16.94204305,5.10747593,0.137500,0.677427,-0.677416,-0.003965,0.69637311,0.595158,1.188614,2.374041,269.6730,IRCUT,,2025-08-21T10:42:21.138572,20321.446078,-11.955,,1.000000,16.94204305,5.10747593,0,0,0,0,0,0,0,0
39,master_tile_039.fits,C:\Users\TRISTAN\Desktop\astrophoto\andromeda\out\4-5-0\zemosaic_temp_master_tiles\master_tile_039.fits,86,18,0,0.735257,0.287175,0.735257,0.563910,0.735257,0.284431,0.735257,0.557909,17.38194205,7.14389264,0.209302,0.543608,0.394936,-0.373545,0.70380524,0.506845,1.412675,2.374079,269.7002,IRCUT,,2025-08-21T09:27:48.855621,20321.394315,-12.007,,1.000000,17.38194205,7.14389264,0,0,0,0,1,1,0,0
40,master_tile_040.fits,C:\Users\TRISTAN\Desktop\astrophoto\andromeda\out\4-5-0\zemosaic_temp_master_tiles\master_tile_040.fits,66,11,0,0.775153,0.279481,0.775153,0.620735,0.775153,0.265873,0.775153,0.595887,10.85182945,4.01703875,0.166667,0.757190,0.168505,-0.738202,0.58831159,0.503586,1.188083,2.374153,269.6498,IRCUT,,2025-08-21T10:59:34.793944,20321.458042,-11.943,,1.000000,10.85182945,4.01703875,0,0,0,0,1,1,0,0
41,master_tile_041.fits,C:\Users\TRISTAN\Desktop\astrophoto\andromeda\out\4-5-0\zemosaic_temp_master_tiles\master_tile_041.fits,48,9,0,0.861580,0.262777,0.861580,0.583417,0.861580,0.252214,0.861580,0.565406,7.74029216,3.22218901,0.187500,1.073461,-1.068817,-0.099745,0.61366241,0.526207,1.237980,2.373290,268.7715,IRCUT,,2025-09-02T11:22:15.455909,20333.473790,0.073,,1.000000,7.74029216,3.22218901,0,0,0,0,0,0,0,0
42,master_tile_042.fits,C:\Users\TRISTAN\Desktop\astrophoto\andromeda\out\4-5-0\zemosaic_temp_master_tiles\master_tile_042.fits,19,8,0,0.804000,0.344110,0.804000,0.594275,0.804000,0.335335,0.804000,0.586317,4.04641652,2.94237189,0.421053,1.195066,1.151228,0.320712,0.61889952,0.529186,1.237521,2.373171,268.8545,IRCUT,,2025-08-27T11:05:41.508683,20327.462286,-5.939,,1.000000,4.04641652,2.94237189,0,0,1,1,0,0,0,0
43,master_tile_043.fits,C:\Users\TRISTAN\Desktop\astrophoto\andromeda\out\4-5-0\zemosaic_temp_master_tiles\master_tile_043.fits,53,12,0,0.863852,0.285153,0.863852,0.544402,0.863852,0.273713,0.863852,0.531720,9.33534992,4.03531987,0.226415,0.897756,0.873437,0.207542,0.61769916,0.526608,1.236269,2.373133,268.9288,IRCUT,,2025-09-02T10:50:24.017803,20333.451667,0.050,,1.000000,9.33534992,4.03531987,0,0,0,0,0,0,0,0
44,master_tile_044.fits,C:\Users\TRISTAN\Desktop\astrophoto\andromeda\out\4-5-0\zemosaic_temp_master_tiles\master_tile_044.fits,39,8,0,0.763044,0.266814,0.763044,0.583062,0.763044,0.250244,0.763044,0.553757,6.04699283,2.71062890,0.205128,1.464044,-0.516081,-1.370067,0.58111981,0.591535,1.022714,2.374892,268.9797,IRCUT,,2025-11-19T21:29:18.256587,20411.895350,78.494,,1.000000,6.04699283,2.71062890,0,0,1,1,1,1,1,1
45,master_tile_045.fits,C:\Users\TRISTAN\Desktop\astrophoto\andromeda\out\4-5-0\zemosaic_temp_master_tiles\master_tile_045.fits,86,8,0,0.981691,0.347778,0.981691,0.801115,0.846389,0.304548,0.846389,0.680824,15.41987542,3.30419022,0.093023,0.574702,0.311986,0.482647,0.51556126,0.435855,1.233753,2.375860,269.2512,IRCUT,,2025-09-23T10:17:10.426334,20354.428593,21.027,,1.000000,15.41987542,3.30419022,0,0,0,1,0,0,0,0
46,master_tile_046.fits,C:\Users\TRISTAN\Desktop\astrophoto\andromeda\out\4-5-0\zemosaic_temp_master_tiles\master_tile_046.fits,60,11,0,0.761719,0.317303,0.761719,0.673493,0.751835,0.303338,0.751835,0.643812,11.84160226,4.60798072,0.183333,0.801151,-0.547006,0.585344,0.62199198,0.546003,1.242968,2.374090,268.1395,IRCUT,,2025-07-04T07:37:50.559985,20273.317946,-60.083,,1.000000,11.84160226,4.60798072,0,0,0,0,1,1,0,0
47,master_tile_047.fits,C:\Users\TRISTAN\Desktop\astrophoto\andromeda\out\4-5-0\zemosaic_temp_master_tiles\master_tile_047.fits,73,10,0,0.947373,0.319751,0.947373,0.741159,0.947373,0.279276,0.947373,0.654526,12.03436569,3.82119600,0.136986,0.898141,0.308354,0.843549,0.51557032,0.537139,1.027889,2.374114,268.4080,IRCUT,,2025-07-04T08:20:47.607561,20273.347773,-60.053,,1.000000,12.03436569,3.82119600,0,0,0,0,0,0,0,0
48,master_tile_048.fits,C:\Users\TRISTAN\Desktop\astrophoto\andromeda\out\4-5-0\zemosaic_temp_master_tiles\master_tile_048.fits,73,9,0,0.886031,0.329402,0.886031,0.771237,0.783856,0.291072,0.783856,0.691353,12.12667828,3.50044132,0.123288,0.579081,0.313553,-0.486847,0.50430426,0.502393,1.014159,2.374199,269.7556,IRCUT,,2025-08-21T09:23:57.088293,20321.391633,-12.010,,1.000000,12.12667828,3.50044132,0,0,0,0,0,0,0,0
49,master_tile_049.fits,C:\Users\TRISTAN\Desktop\astrophoto\andromeda\out\4-5-0\zemosaic_temp_master_tiles\master_tile_049.fits,77,11,0,0.999743,0.349812,0.999743,0.799226,0.905336,0.305998,0.905336,0.693726,13.66875768,4.46134774,0.142857,0.571286,0.539413,-0.188152,0.50746261,0.506452,1.016788,2.374090,269.6660,IRCUT,,2025-08-21T10:18:48.474507,20321.429728,-11.972,,1.000000,13.66875768,4.46134774,0,0,0,0,0,0,0,0
50,master_tile_050.fits,C:\Users\TRISTAN\Desktop\astrophoto\andromeda\out\4-5-0\zemosaic_temp_master_tiles\master_tile_050.fits,55,8,0,1.000000,0.398869,1.000000,0.861591,0.650998,0.274522,0.650998,0.558956,9.14945134,2.87470482,0.145455,0.902351,-0.446292,-0.784258,0.41706352,0.417991,1.016832,2.374074,269.6207,IRCUT,,2025-08-21T10:55:21.537133,20321.455110,-11.946,,1.000000,9.14945134,2.87470482,0,0,0,1,0,0,0,0
51,master_tile_051.fits,C:\Users\TRISTAN\Desktop\astrophoto\andromeda\out\4-5-0\zemosaic_temp_master_tiles\master_tile_051.fits,68,9,0,1.000000,0.312683,1.000000,0.810148,0.690169,0.232632,0.690169,0.580160,8.92999439,3.06227326,0.132353,0.678554,0.616887,-0.282642,0.41998844,0.434573,1.022001,2.373442,268.8274,IRCUT,,2025-08-27T11:41:36.441463,20327.487227,-5.914,,1.000000,8.92999439,3.06227326,0,0,0,0,0,0,0,0
52,master_tile_052.fits,C:\Users\TRISTAN\Desktop\astrophoto\andromeda\out\4-5-0\zemosaic_temp_master_tiles\master_tile_052.fits,56,9,0,0.957215,0.304684,0.957215,0.690556,0.846929,0.291860,0.846929,0.678302,10.47438658,3.81533133,0.160714,0.978919,-0.956033,-0.210437,0.61389026,0.524858,1.237206,2.373423,268.8438,IRCUT,,2025-08-27T10:42:47.716475,20327.446386,-5.955,,1.000000,10.47438658,3.81533133,0,0,0,0,0,0,0,0
53,master_tile_053.fits,C:\Users\TRISTAN\Desktop\astrophoto\andromeda\out\4-5-0\zemosaic_temp_master_tiles\master_tile_053.fits,61,8,0,1.000000,0.404892,1.000000,0.884494,0.703866,0.287983,0.703866,0.596528,10.45869486,2.99635132,0.131148,0.632345,-0.579089,0.254000,0.42345565,0.438036,1.022047,2.373443,268.8653,IRCUT,,2025-08-27T11:26:48.855548,20327.476954,-5.924,,1.000000,10.45869486,2.99635132,0,0,0,1,0,0,0,0
54,master_tile_054.fits,C:\Users\TRISTAN\Desktop\astrophoto\andromeda\out\4-5-0\zemosaic_temp_master_tiles\master_tile_054.fits,78,8,0,1.000000,0.304386,1.000000,0.843188,0.791952,0.211110,0.791952,0.567668,9.99492412,2.83971689,0.102564,0.466302,-0.436534,-0.163937,0.42097926,0.430693,1.020248,2.373929,269.1235,IRCUT,,2025-07-24T09:26:42.175332,20293.393544,-40.008,,1.000000,9.99492412,2.83971689,0,0,0,1,0,0,0,0
55,master_tile_055.fits,C:\Users\TRISTAN\Desktop\astrophoto\andromeda\out\4-5-0\zemosaic_temp_master_tiles\master_tile_055.fits,64,15,0,0.914747,0.335663,0.914747,0.688194,0.816933,0.319475,0.816933,0.646324,13.31041923,6.39602150,0.234375,0.757001,-0.643279,0.399052,0.61959508,0.511030,1.229666,2.373320,269.7209,IRCUT,,2025-08-26T10:45:06.984599,20326.447998,-6.953,,1.000000,13.31041923,6.39602150,0,0,0,0,0,0,0,0
56,master_tile_056.fits,C:\Users\TRISTAN\Desktop\astrophoto\andromeda\out\4-5-0\zemosaic_temp_master_tiles\master_tile_056.fits,77,11,0,0.956090,0.344823,0.956090,0.763170,0.905336,0.302386,0.905336,0.652134,13.45755730,4.25493900,0.142857,0.565182,0.514173,-0.234641,0.50685003,0.505651,1.016424,2.373367,269.6894,IRCUT,,2025-08-26T11:09:44.888419,20326.465103,-6.936,,1.000000,13.45755730,4.25493900,0,0,0,0,0,0,0,0
57,master_tile_057.fits,C:\Users\TRISTAN\Desktop\astrophoto\andromeda\out\4-5-0\zemosaic_temp_master_tiles\master_tile_057.fits,73,8,0,1.000000,0.352454,1.000000,0.863738,0.815016,0.300511,0.815016,0.658167,13.21467008,3.54897299,0.109589,0.877756,0.606703,0.634324,0.51360660,0.511144,1.016041,2.373479,269.7443,IRCUT,,2025-08-26T11:30:46.329667,20326.479703,-6.922,,1.000000,13.21467008,3.54897299,0,0,0,1,0,0,0,0
58,master_tile_058.fits,C:\Users\TRISTAN\Desktop\astrophoto\andromeda\out\4-5-0\zemosaic_temp_master_tiles\master_tile_058.fits,80,10,0,0.898363,0.354237,0.898363,0.826688,0.819053,0.306664,0.819053,0.651035,14.61797889,4.26427121,0.125000,0.809692,0.447566,0.674749,0.51582599,0.511970,1.016949,2.377230,269.8229,IRCUT,,2025-11-18T03:11:42.903693,20410.133135,76.732,,1.000000,14.61797889,4.26427121,0,0,0,0,0,0,0,1
59,master_tile_059.fits,C:\Users\TRISTAN\Desktop\astrophoto\andromeda\out\4-5-0\zemosaic_temp_master_tiles\master_tile_059.fits,69,12,0,0.770911,0.222096,0.770911,0.601733,0.770911,0.220203,0.770911,0.598391,10.57037276,4.98064410,0.173913,0.794418,-0.268285,0.747745,0.68976366,0.514107,1.358117,2.377690,269.7493,IRCUT,,2025-11-18T03:21:55.624626,20410.140227,76.739,,1.000000,10.57037276,4.98064410,0,0,0,0,1,1,0,1
60,master_tile_060.fits,C:\Users\TRISTAN\Desktop\astrophoto\andromeda\out\4-5-0\zemosaic_temp_master_tiles\master_tile_060.fits,78,8,0,0.907244,0.386592,0.907244,0.854554,0.708994,0.324444,0.708994,0.651917,14.94421873,3.38809471,0.102564,0.677135,0.561000,0.379197,0.49559384,0.424349,1.186615,2.373494,269.7097,IRCUT,,2025-08-26T11:20:00.273965,20326.472225,-6.929,,1.000000,14.94421873,3.38809471,0,0,0,1,0,0,0,0
61,master_tile_061.fits,C:\Users\TRISTAN\Desktop\astrophoto\andromeda\out\4-5-0\zemosaic_temp_master_tiles\master_tile_061.fits,65,13,0,0.901312,0.270147,0.901312,0.601852,0.692278,0.260704,0.692278,0.568582,11.32457456,5.04593128,0.200000,0.724336,-0.058821,-0.721944,0.64492310,0.506020,1.302599,2.374197,269.5827,IRCUT,,2025-08-21T10:58:10.401824,20321.457065,-11.944,,1.000000,11.32457456,5.04593128,0,0,0,0,0,0,0,0
62,master_tile_062.fits,C:\Users\TRISTAN\Desktop\astrophoto\andromeda\out\4-5-0\zemosaic_temp_master_tiles\master_tile_062.fits,92,11,0,0.852861,0.341689,0.852861,0.759640,0.850213,0.324734,0.850213,0.728791,18.61798089,4.94896605,0.119565,0.463371,0.460627,0.050351,0.59226242,0.521453,1.193344,2.372894,268.9520,IRCUT,,2025-09-02T10:39:40.101390,20333.444214,0.043,,1.000000,18.61798089,4.94896605,0,0,0,0,0,0,0,0
63,master_tile_063.fits,C:\Users\TRISTAN\Desktop\astrophoto\andromeda\out\4-5-0\zemosaic_temp_master_tiles\master_tile_063.fits,76,8,0,0.999949,0.418438,0.999949,0.924501,0.768126,0.304179,0.768126,0.640221,13.53437699,3.14768209,0.105263,0.707798,0.461390,0.536747,0.42559195,0.425486,1.016410,2.374159,269.6893,IRCUT,,2025-08-21T10:29:21.090248,20321.437050,-11.964,,1.000000,13.53437699,3.14768209,0,0,0,1,0,0,0,0
64,master_tile_064.fits,C:\Users\TRISTAN\Desktop\astrophoto\andromeda\out\4-5-0\zemosaic_temp_master_tiles\master_tile_064.fits,75,10,0,1.000000,0.279753,1.000000,0.702630,0.768684,0.268499,0.768684,0.646796,12.84719514,4.30228101,0.133333,0.680573,0.568027,-0.374866,0.61231063,0.518456,1.235608,2.373451,269.0673,IRCUT,,2025-11-17T18:25:25.050356,20409.767651,76.366,,1.000000,12.84719514,4.30228101,0,0,0,0,0,0,0,0
65,master_tile_065.fits,C:\Users\TRISTAN\Desktop\astrophoto\andromeda\out\4-5-0\zemosaic_temp_master_tiles\master_tile_065.fits,58,11,0,0.848473,0.320040,0.848473,0.667470,0.848473,0.311852,0.848473,0.642735,12.33058977,4.87726140,0.189655,0.905030,0.797917,0.427093,0.66428070,0.520321,1.319241,2.375774,269.3552,IRCUT,,2025-11-17T21:21:51.418300,20409.890178,76.489,,1.000000,12.33058977,4.87726140,0,0,0,0,0,0,0,0
66,master_tile_066.fits,C:\Users\TRISTAN\Desktop\astrophoto\andromeda\out\4-5-0\zemosaic_temp_master_tiles\master_tile_066.fits,48,13,0,0.922625,0.278743,0.922625,0.564704,0.861580,0.262800,0.861580,0.537845,7.89200759,4.33018055,0.270833,1.099377,-1.075532,-0.227726,0.58985054,0.506593,1.180699,2.376603,269.6911,IRCUT,,2025-11-18T01:30:35.092234,20410.062906,76.662,,1.000000,7.89200759,4.33018055,0,0,0,0,0,0,0,1
67,master_tile_067.fits,C:\Users\TRISTAN\Desktop\astrophoto\andromeda\out\4-5-0\zemosaic_temp_master_tiles\master_tile_067.fits,104,10,0,0.863424,0.217967,0.863424,0.669076,0.735097,0.209061,0.735097,0.636634,13.97258962,4.12409881,0.096154,0.061200,0.059326,0.015031,0.61638728,0.521056,1.235232,2.373874,269.1270,IRCUT,,2025-07-24T08:42:37.960488,20293.362939,-40.038,,1.000000,13.97258962,4.12409881,0,0,0,0,0,0,0,0
68,master_tile_068.fits,C:\Users\TRISTAN\Desktop\astrophoto\andromeda\out\4-5-0\zemosaic_temp_master_tiles\master_tile_068.fits,17,8,0,0.829049,0.359543,0.829049,0.601222,0.829042,0.350893,0.829042,0.587952,3.79702800,2.98792097,0.470588,1.316886,1.184800,0.574836,0.62121848,0.528361,1.235928,2.373376,268.9658,IRCUT,,2025-08-27T09:56:41.581919,20327.414370,-5.987,,1.000000,3.79702800,2.98792097,0,0,1,1,0,0,1,0
69,master_tile_069.fits,C:\Users\TRISTAN\Desktop\astrophoto\andromeda\out\4-5-0\zemosaic_temp_master_tiles\master_tile_069.fits,51,11,0,0.770819,0.280739,0.770819,0.597536,0.731831,0.276481,0.731831,0.583400,9.83330139,4.51422608,0.215686,1.017641,-0.696501,0.741943,0.68679413,0.547856,1.366376,2.374044,268.3509,IRCUT,,2025-07-04T08:05:25.696519,20273.337103,-60.064,,1.000000,9.83330139,4.51422608,0,0,0,0,1,1,0,0
70,master_tile_070.fits,C:\Users\TRISTAN\Desktop\astrophoto\andromeda\out\4-5-0\zemosaic_temp_master_tiles\master_tile_070.fits,42,9,0,1.000000,0.328842,1.000000,0.711451,0.624646,0.235777,0.624646,0.478532,5.90312664,2.73674043,0.214286,1.049230,-0.674795,0.803452,0.42741114,0.447716,1.024559,2.374073,268.5544,IRCUT,,2025-07-04T08:33:22.052598,20273.356505,-60.045,,1.000000,5.90312664,2.73674043,0,0,1,0,0,0,0,0
71,master_tile_071.fits,C:\Users\TRISTAN\Desktop\astrophoto\andromeda\out\4-5-0\zemosaic_temp_master_tiles\master_tile_071.fits,83,9,0,0.962557,0.343306,0.962557,0.799300,0.825762,0.299967,0.825762,0.704467,14.61747072,3.69033296,0.108434,0.618728,0.268824,0.557278,0.51299521,0.527620,1.023836,2.373476,268.8052,IRCUT,,2025-08-27T11:47:15.066350,20327.491147,-5.910,,1.000000,14.61747072,3.69033296,0,0,0,0,0,0,0,0
72,master_tile_072.fits,C:\Users\TRISTAN\Desktop\astrophoto\andromeda\out\4-5-0\zemosaic_temp_master_tiles\master_tile_072.fits,64,10,0,0.997201,0.351726,0.997201,0.758989,0.718718,0.295618,0.718718,0.607962,11.40264578,3.84465508,0.156250,0.928691,-0.717147,-0.590056,0.50654931,0.420677,1.230438,2.374244,269.6249,IRCUT,,2025-08-21T10:52:11.833009,20321.452915,-11.948,,1.000000,11.40264578,3.84465508,0,0,0,0,0,0,0,0
73,master_tile_073.fits,C:\Users\TRISTAN\Desktop\astrophoto\andromeda\out\4-5-0\zemosaic_temp_master_tiles\master_tile_073.fits,69,8,0,0.947757,0.337111,0.947757,0.766070,0.947373,0.293630,0.947373,0.655551,11.98762902,3.15841924,0.115942,0.914763,0.330555,0.852951,0.51536103,0.526576,1.022453,2.373277,268.9739,IRCUT,,2025-08-27T09:47:32.944720,20327.408020,-5.993,,1.000000,11.98762902,3.15841924,0,0,0,1,0,0,0,0
74,master_tile_074.fits,C:\Users\TRISTAN\Desktop\astrophoto\andromeda\out\4-5-0\zemosaic_temp_master_tiles\master_tile_074.fits,24,9,0,0.929864,0.360811,0.929864,0.639711,0.929864,0.352140,0.929864,0.624677,5.28367436,3.51293798,0.375000,1.346192,-1.205375,-0.599420,0.61016106,0.521692,1.237167,2.373406,268.8586,IRCUT,,2025-08-27T11:01:48.360244,20327.459588,-5.942,,1.000000,5.28367436,3.51293798,0,0,1,0,0,0,1,0
75,master_tile_075.fits,C:\Users\TRISTAN\Desktop\astrophoto\andromeda\out\4-5-0\zemosaic_temp_master_tiles\master_tile_075.fits,46,10,0,0.988913,0.328820,0.988913,0.739395,0.699235,0.263449,0.699235,0.553695,7.52426706,3.67810305,0.217391,1.055384,0.865694,0.603663,0.49744794,0.443848,1.192566,2.373256,268.8532,IRCUT,,2025-08-27T10:52:38.865374,20327.453228,-5.948,,1.000000,7.52426706,3.67810305,0,0,1,0,0,0,0,0
76,master_tile_076.fits,C:\Users\TRISTAN\Desktop\astrophoto\andromeda\out\4-5-0\zemosaic_temp_master_tiles\master_tile_076.fits,60,9,0,0.853934,0.289695,0.853934,0.639882,0.826548,0.274441,0.826548,0.607902,10.26428400,3.40078043,0.150000,1.074826,-0.912393,-0.568146,0.59052169,0.588564,1.017355,2.373508,269.6635,IRCUT,,2025-08-26T11:49:46.184765,20326.492896,-6.908,,1.000000,10.26428400,3.40078043,0,0,0,0,0,0,0,0
77,master_tile_077.fits,C:\Users\TRISTAN\Desktop\astrophoto\andromeda\out\4-5-0\zemosaic_temp_master_tiles\master_tile_077.fits,52,8,0,0.851662,0.207931,0.851662,0.560380,0.851662,0.206892,0.851662,0.560380,7.69880142,3.19207008,0.153846,1.314213,0.088676,1.311218,0.71203278,0.607147,1.189364,2.376399,269.6686,IRCUT,,2025-11-18T00:41:02.844425,20410.028505,76.627,,1.000000,7.69880142,3.19207008,0,0,0,1,0,0,1,0
78,master_tile_078.fits,C:\Users\TRISTAN\Desktop\astrophoto\andromeda\out\4-5-0\zemosaic_temp_master_tiles\master_tile_078.fits,83,10,0,0.871355,0.271404,0.871355,0.675759,0.871355,0.257871,0.871355,0.646091,13.90575115,4.17148896,0.120482,0.466366,-0.441525,0.150175,0.61730438,0.522665,1.235703,2.373878,269.0801,IRCUT,,2025-07-24T09:09:47.461600,20293.381799,-40.019,,1.000000,13.90575115,4.17148896,0,0,0,0,0,0,0,0
79,master_tile_079.fits,C:\Users\TRISTAN\Desktop\astrophoto\andromeda\out\4-5-0\zemosaic_temp_master_tiles\master_tile_079.fits,78,9,0,0.998276,0.334820,0.998276,0.811560,0.914132,0.318089,0.914132,0.742233,16.02116713,4.48075609,0.115385,0.682202,-0.639239,-0.238272,0.61346247,0.506170,1.229797,2.373409,269.7418,IRCUT,,2025-08-26T10:52:17.553588,20326.452981,-6.948,,1.000000,16.02116713,4.48075609,0,0,0,0,0,0,0,0
80,master_tile_080.fits,C:\Users\TRISTAN\Desktop\astrophoto\andromeda\out\4-5-0\zemosaic_temp_master_tiles\master_tile_080.fits,73,10,0,0.862738,0.255766,0.862738,0.686780,0.713523,0.238625,0.713523,0.605019,10.99751999,4.04527119,0.136986,0.796516,-0.156570,-0.780977,0.58901957,0.587515,1.018124,2.374199,269.6390,IRCUT,,2025-08-21T10:57:28.226343,20321.456577,-11.945,,1.000000,10.99751999,4.04527119,0,0,0,0,0,0,0,0
81,master_tile_081.fits,C:\Users\TRISTAN\Desktop\astrophoto\andromeda\out\4-5-0\zemosaic_temp_master_tiles\master_tile_081.fits,92,8,0,0.871194,0.250927,0.871194,0.669051,0.871194,0.246042,0.871194,0.659370,15.71611925,3.64384063,0.086957,0.494006,-0.429409,-0.244234,0.68078567,0.573516,1.235878,2.373982,269.1212,IRCUT,,2025-07-24T09:28:14.388070,20293.394611,-40.007,,1.000000,15.71611925,3.64384063,0,0,0,1,0,0,0,0
82,master_tile_082.fits,C:\Users\TRISTAN\Desktop\astrophoto\andromeda\out\4-5-0\zemosaic_temp_master_tiles\master_tile_082.fits,23,9,0,0.900316,0.353125,0.900316,0.643931,0.870044,0.341624,0.870044,0.627883,5.04550618,3.60022607,0.391304,1.238916,1.098325,0.573232,0.62122385,0.530029,1.236535,2.373376,268.8910,IRCUT,,2025-08-27T09:56:41.581919,20327.414370,-5.987,,1.000000,5.04550618,3.60022607,0,0,1,0,0,0,1,0
83,master_tile_083.fits,C:\Users\TRISTAN\Desktop\astrophoto\andromeda\out\4-5-0\zemosaic_temp_master_tiles\master_tile_083.fits,93,9,0,0.977880,0.319281,0.977880,0.829427,0.792421,0.274423,0.792421,0.719765,14.66490321,3.68675497,0.096774,0.254039,0.236086,-0.093803,0.49388261,0.491612,1.015829,2.373294,269.7508,IRCUT,,2025-08-26T10:24:04.639809,20326.433387,-6.968,,1.000000,14.66490321,3.68675497,0,0,0,0,0,0,0,0
84,master_tile_084.fits,C:\Users\TRISTAN\Desktop\astrophoto\andromeda\out\4-5-0\zemosaic_temp_master_tiles\master_tile_084.fits,66,8,0,0.966086,0.358553,0.966086,0.822458,0.824807,0.274349,0.824807,0.639433,9.91793710,2.75757698,0.121212,0.579477,0.217121,-0.537264,0.41910614,0.424048,1.019326,2.375697,269.3738,IRCUT,,2025-09-23T09:01:58.737935,20354.376374,20.975,,1.000000,9.91793710,2.75757698,0,0,0,1,0,0,0,0
85,master_tile_085.fits,C:\Users\TRISTAN\Desktop\astrophoto\andromeda\out\4-5-0\zemosaic_temp_master_tiles\master_tile_085.fits,60,9,0,0.940385,0.267949,0.940385,0.683347,0.810580,0.238055,0.810580,0.598006,8.29154836,3.17187566,0.150000,0.888749,-0.055613,0.887008,0.51574147,0.522252,1.020229,2.373148,269.2551,IRCUT,,2025-09-02T09:42:50.630907,20333.404753,0.004,,1.000000,8.29154836,3.17187566,0,0,0,0,0,0,0,0
86,master_tile_086.fits,C:\Users\TRISTAN\Desktop\astrophoto\andromeda\out\4-5-0\zemosaic_temp_master_tiles\master_tile_086.fits,95,9,0,0.877702,0.332605,0.877702,0.764298,0.873738,0.316630,0.873738,0.709370,18.77228760,4.08666976,0.094737,0.396668,0.395977,0.023405,0.59410683,0.508852,1.185390,2.373902,269.6895,IRCUT,,2025-08-21T09:31:19.917167,20321.396758,-12.004,,1.000000,18.77228760,4.08666976,0,0,0,0,0,0,0,0
87,master_tile_087.fits,C:\Users\TRISTAN\Desktop\astrophoto\andromeda\out\4-5-0\zemosaic_temp_master_tiles\master_tile_087.fits,74,10,0,1.000000,0.392524,1.000000,0.833065,0.713382,0.290611,0.713382,0.628030,12.24620567,3.51223110,0.135135,0.578078,0.577815,-0.017445,0.42160343,0.436327,1.021709,2.373477,268.8351,IRCUT,,2025-08-27T11:43:43.350106,20327.488696,-5.913,,1.000000,12.24620567,3.51223110,0,0,0,0,0,0,0,0
88,master_tile_088.fits,C:\Users\TRISTAN\Desktop\astrophoto\andromeda\out\4-5-0\zemosaic_temp_master_tiles\master_tile_088.fits,76,14,0,0.895979,0.319850,0.895979,0.669917,0.864614,0.316222,0.864614,0.659084,16.84955044,6.50096894,0.184211,0.769236,-0.703550,-0.311034,0.69315274,0.592485,1.189029,2.374237,269.6416,IRCUT,,2025-08-21T10:48:40.911018,20321.450474,-11.951,,1.000000,16.84955044,6.50096894,0,0,0,0,0,0,0,0
89,master_tile_089.fits,C:\Users\TRISTAN\Desktop\astrophoto\andromeda\out\4-5-0\zemosaic_temp_master_tiles\master_tile_089.fits,100,13,0,0.937233,0.303570,0.937233,0.670896,0.814672,0.292960,0.814672,0.649592,18.72551424,5.37989550,0.130000,0.276194,0.265604,0.075748,0.61684409,0.514763,1.232426,2.373509,270.5849,IRCUT,,2025-08-22T11:10:31.119690,20322.465638,-10.936,,1.000000,18.72551424,5.37989550,0,0,0,0,0,0,0,0
90,master_tile_090.fits,C:\Users\TRISTAN\Desktop\astrophoto\andromeda\out\4-5-0\zemosaic_temp_master_tiles\master_tile_090.fits,54,9,0,0.948095,0.357386,0.948095,0.773491,0.747827,0.297709,0.747827,0.633469,9.67749126,3.49083954,0.166667,1.111296,-0.604771,-0.932326,0.50145492,0.515487,1.023719,2.373398,268.8069,IRCUT,,2025-08-27T11:56:44.923355,20327.497742,-5.903,,1.000000,9.67749126,3.49083954,0,0,0,0,0,0,0,0
91,master_tile_091.fits,C:\Users\TRISTAN\Desktop\astrophoto\andromeda\out\4-5-0\zemosaic_temp_master_tiles\master_tile_091.fits,59,8,0,0.801741,0.261601,0.801741,0.633655,0.800655,0.250374,0.800655,0.604116,9.33874738,3.06718125,0.135593,1.174021,0.245836,1.147994,0.60505755,0.535550,1.194839,2.373262,268.8402,IRCUT,,2025-08-27T11:08:30.707466,20327.464244,-5.937,,1.000000,9.33874738,3.06718125,0,0,0,1,0,0,0,0
92,master_tile_092.fits,C:\Users\TRISTAN\Desktop\astrophoto\andromeda\out\4-5-0\zemosaic_temp_master_tiles\master_tile_092.fits,68,12,0,0.934957,0.292279,0.934957,0.721858,0.810342,0.270788,0.810342,0.674424,11.67443018,5.08818495,0.176471,0.838827,-0.312806,-0.778321,0.58739413,0.504077,1.188089,2.373369,269.5960,IRCUT,,2025-08-26T12:00:02.305688,20326.500027,-6.901,,1.000000,11.67443018,5.08818495,0,0,0,0,0,0,0,0
93,master_tile_093.fits,C:\Users\TRISTAN\Desktop\astrophoto\andromeda\out\4-5-0\zemosaic_temp_master_tiles\master_tile_093.fits,65,12,0,0.795061,0.316684,0.795061,0.702492,0.793431,0.279432,0.793431,0.637983,10.61818254,4.34843764,0.184615,0.916054,0.165974,0.900892,0.51583492,0.533988,1.025780,2.373359,268.5972,IRCUT,,2025-09-02T12:11:16.660336,20333.507832,0.107,,1.000000,10.61818254,4.34843764,0,0,0,0,0,0,0,0
94,master_tile_094.fits,C:\Users\TRISTAN\Desktop\astrophoto\andromeda\out\4-5-0\zemosaic_temp_master_tiles\master_tile_094.fits,101,10,0,0.817288,0.271345,0.817288,0.700797,0.778123,0.257422,0.778123,0.653294,16.15188568,4.13020873,0.099010,0.179906,0.171151,0.055440,0.58935861,0.519039,1.193469,2.373367,269.0494,IRCUT,,2025-09-02T10:30:04.847751,20333.437556,0.036,,1.000000,16.15188568,4.13020873,0,0,0,0,0,0,0,0
95,master_tile_095.fits,C:\Users\TRISTAN\Desktop\astrophoto\andromeda\out\4-5-0\zemosaic_temp_master_tiles\master_tile_095.fits,56,11,0,0.857274,0.312783,0.857274,0.712749,0.849798,0.291467,0.849798,0.676618,10.27796680,4.60050229,0.196429,1.086688,-0.363854,-1.023964,0.58678058,0.502270,1.189293,2.376378,269.6243,IRCUT,,2025-11-18T00:35:25.917543,20410.024606,76.623,,1.000000,10.27796680,4.60050229,0,0,0,0,0,0,0,0
96,master_tile_096.fits,C:\Users\TRISTAN\Desktop\astrophoto\andromeda\out\4-5-0\zemosaic_temp_master_tiles\master_tile_096.fits,88,11,0,0.897310,0.301961,0.897310,0.704220,0.897310,0.289248,0.897310,0.697200,15.98400632,4.65965240,0.125000,0.677346,0.244984,0.631490,0.60152366,0.599024,1.016997,2.373586,269.7017,IRCUT,,2025-08-26T11:35:54.638579,20326.483271,-6.918,,1.000000,15.98400632,4.65965240,0,0,0,0,0,0,0,0
97,master_tile_097.fits,C:\Users\TRISTAN\Desktop\astrophoto\andromeda\out\4-5-0\zemosaic_temp_master_tiles\master_tile_097.fits,19,8,0,0.775689,0.314610,0.775689,0.552605,0.680510,0.305573,0.680510,0.538063,3.65143196,2.70048722,0.421053,1.375411,-1.340831,-0.306477,0.61085434,0.515533,1.230087,2.373003,269.2241,IRCUT,,2025-09-02T09:43:14.176273,20333.405025,0.004,,1.000000,3.65143196,2.70048722,0,0,1,1,1,1,1,0
98,master_tile_098.fits,C:\Users\TRISTAN\Desktop\astrophoto\andromeda\out\4-5-0\zemosaic_temp_master_tiles\master_tile_098.fits,57,8,0,0.952838,0.369454,0.952838,0.822001,0.681833,0.269819,0.681833,0.568248,8.96035266,2.79803117,0.140351,0.613375,-0.417141,0.449692,0.42549078,0.427150,1.017888,2.375530,269.5558,IRCUT,,2025-09-23T07:29:30.591797,20354.312160,20.911,,1.000000,8.96035266,2.79803117,0,0,0,1,0,0,0,0
99,master_tile_099.fits,C:\Users\TRISTAN\Desktop\astrophoto\andromeda\out\4-5-0\zemosaic_temp_master_tiles\master_tile_099.fits,60,11,0,0.909246,0.341191,0.909246,0.709714,0.858875,0.325588,0.858875,0.674568,12.45397853,4.74936745,0.183333,1.031308,-0.643233,-0.806132,0.60835826,0.504073,1.230674,2.373336,269.6149,IRCUT,,2025-08-26T11:54:54.473907,20326.496464,-6.905,,1.000000,12.45397853,4.74936745,0,0,0,0,0,0,0,0
100,master_tile_100.fits,C:\Users\TRISTAN\Desktop\astrophoto\andromeda\out\4-5-0\zemosaic_temp_master_tiles\master_tile_100.fits,91,10,0,0.922756,0.348063,0.922756,0.759439,0.859903,0.331036,0.859903,0.724044,18.92593188,4.53786273,0.109890,0.559704,0.468369,0.306429,0.59752840,0.544598,1.200969,2.374312,268.0786,IRCUT,,2025-07-04T07:23:31.905935,20273.308008,-60.093,,1.000000,18.92593188,4.53786273,0,0,0,0,0,0,0,0
101,master_tile_101.fits,C:\Users\TRISTAN\Desktop\astrophoto\andromeda\out\4-5-0\zemosaic_temp_master_tiles\master_tile_101.fits,68,12,0,0.769989,0.255391,0.769989,0.590416,0.769989,0.253550,0.769989,0.590416,12.08460215,4.93012435,0.176471,0.759931,-0.381781,0.657068,0.69585424,0.608329,1.179702,2.373074,269.2690,IRCUT,,2025-09-02T09:32:08.367161,20333.397319,-0.004,,1.000000,12.08460215,4.93012435,0,0,0,0,1,1,0,0
102,master_tile_102.fits,C:\Users\TRISTAN\Desktop\astrophoto\andromeda\out\4-5-0\zemosaic_temp_master_tiles\master_tile_102.fits,85,10,0,0.988469,0.371646,0.988469,0.809743,0.818967,0.322669,0.818967,0.690909,16.09695224,4.12612706,0.117647,0.542020,0.529676,0.115018,0.50955980,0.508217,1.016574,2.373421,269.7086,IRCUT,,2025-08-26T11:11:17.176290,20326.466171,-6.935,,1.000000,16.09695224,4.12612706,0,0,0,0,0,0,0,0
103,master_tile_103.fits,C:\Users\TRISTAN\Desktop\astrophoto\andromeda\out\4-5-0\zemosaic_temp_master_tiles\master_tile_103.fits,85,11,0,0.910300,0.298370,0.910300,0.684800,0.897310,0.284545,0.897310,0.683046,15.03781615,4.46649437,0.129412,0.712902,0.214416,0.679893,0.59293982,0.621064,1.026665,2.374228,268.1369,IRCUT,,2025-07-04T07:29:07.055616,20273.311887,-60.089,,1.000000,15.03781615,4.46649437,0,0,0,0,0,0,0,0
104,master_tile_104.fits,C:\Users\TRISTAN\Desktop\astrophoto\andromeda\out\4-5-0\zemosaic_temp_master_tiles\master_tile_104.fits,63,12,0,0.859358,0.320475,0.859358,0.707272,0.829509,0.269086,0.829509,0.599104,10.22283927,4.29739509,0.190476,0.932570,-0.884012,-0.297000,0.50633427,0.512158,1.019985,2.373182,269.2805,IRCUT,,2025-09-02T09:33:09.839692,20333.398031,-0.003,,1.000000,10.22283927,4.29739509,0,0,0,0,0,0,0,0
105,master_tile_105.fits,C:\Users\TRISTAN\Desktop\astrophoto\andromeda\out\4-5-0\zemosaic_temp_master_tiles\master_tile_105.fits,63,10,0,0.855979,0.322279,0.855979,0.751745,0.829509,0.262691,0.829509,0.622728,9.96247583,3.68863179,0.158730,0.915681,-0.864829,-0.300902,0.49067620,0.438429,1.192615,2.373239,268.8422,IRCUT,,2025-08-27T11:53:56.306751,20327.495791,-5.905,,1.000000,9.96247583,3.68863179,0,0,0,0,0,0,0,0
106,master_tile_106.fits,C:\Users\TRISTAN\Desktop\astrophoto\andromeda\out\4-5-0\zemosaic_temp_master_tiles\master_tile_106.fits,68,9,0,0.964102,0.348550,0.964102,0.830210,0.787651,0.292909,0.787651,0.678957,12.15696180,3.83249837,0.132353,0.693384,-0.640969,0.264461,0.51292219,0.436336,1.233571,2.373859,269.1337,IRCUT,,2025-10-13T05:37:02.779401,20374.234060,40.833,,1.000000,12.15696180,3.83249837,0,0,0,0,0,0,0,0
107,master_tile_107.fits,C:\Users\TRISTAN\Desktop\astrophoto\andromeda\out\4-5-0\zemosaic_temp_master_tiles\master_tile_107.fits,63,8,0,1.000000,0.374543,1.000000,0.853597,0.708985,0.267593,0.708985,0.549172,9.99904828,2.89373581,0.126984,0.819226,0.722517,0.386136,0.42375601,0.423626,1.013033,2.376638,269.7338,IRCUT,,2025-11-18T01:44:22.557837,20410.072483,76.671,,1.000000,9.99904828,2.89373581,0,0,0,1,0,0,0,1
108,master_tile_108.fits,C:\Users\TRISTAN\Desktop\astrophoto\andromeda\out\4-5-0\zemosaic_temp_master_tiles\master_tile_108.fits,66,10,0,1.000000,0.301855,1.000000,0.764124,0.828699,0.257226,0.828699,0.621143,9.84735205,3.77695366,0.151515,0.621054,0.010311,-0.620968,0.49428524,0.513642,1.001784,2.375348,269.0497,IRCUT,,2025-09-24T07:14:16.922487,20355.301585,21.900,,1.000000,9.84735205,3.77695366,0,0,0,0,0,0,0,0
109,master_tile_109.fits,C:\Users\TRISTAN\Desktop\astrophoto\andromeda\out\4-5-0\zemosaic_temp_master_tiles\master_tile_109.fits,43,8,0,1.000000,0.195190,1.000000,0.516386,0.799026,0.182405,0.799026,0.466026,5.23894366,2.57858714,0.186047,1.165970,-0.919359,0.717122,0.62419137,0.527247,1.236181,2.376195,269.1059,IRCUT,,2025-11-11T05:32:12.504733,20403.230700,69.829,,1.000000,5.23894366,2.57858714,0,0,1,1,0,0,0,0
110,master_tile_110.fits,C:\Users\TRISTAN\Desktop\astrophoto\andromeda\out\4-5-0\zemosaic_temp_master_tiles\master_tile_110.fits,80,16,0,0.901015,0.362916,0.901015,0.737432,0.816720,0.348929,0.816720,0.693732,18.06619181,7.34196134,0.200000,0.753424,0.498999,0.564488,0.62225787,0.527479,1.236751,2.375552,269.0287,IRCUT,,2025-09-24T09:06:36.984655,20355.379595,21.978,,1.000000,18.06619181,7.34196134,0,0,0,0,0,0,0,0
111,master_tile_111.fits,C:\Users\TRISTAN\Desktop\astrophoto\andromeda\out\4-5-0\zemosaic_temp_master_tiles\master_tile_111.fits,49,14,0,0.752330,0.287532,0.752330,0.582244,0.718296,0.273037,0.718296,0.558843,8.33055398,4.81975068,0.285714,1.152510,-1.039623,-0.497457,0.59127752,0.509596,1.190386,2.376115,269.4653,IRCUT,,2025-11-17T22:45:06.703973,20409.947994,76.547,,1.000000,8.33055398,4.81975068,0,0,0,0,1,1,0,0
112,master_tile_112.fits,C:\Users\TRISTAN\Desktop\astrophoto\andromeda\out\4-5-0\zemosaic_temp_master_tiles\master_tile_112.fits,77,8,0,1.000000,0.341534,1.000000,0.858707,0.758922,0.284490,0.758922,0.657693,13.37558081,3.49399745,0.103896,0.646574,-0.644277,-0.054456,0.50861287,0.507340,1.017043,2.374048,269.6804,IRCUT,,2025-08-21T10:01:55.724493,20321.418006,-11.983,,1.000000,13.37558081,3.49399745,0,0,0,1,0,0,0,0
113,master_tile_113.fits,C:\Users\TRISTAN\Desktop\astrophoto\andromeda\out\4-5-0\zemosaic_temp_master_tiles\master_tile_113.fits,58,9,0,0.826548,0.292185,0.826548,0.634742,0.826548,0.281040,0.826548,0.611077,10.33896667,3.48523096,0.155172,1.075173,-0.897505,-0.592015,0.61008715,0.521683,1.236981,2.373275,268.8539,IRCUT,,2025-09-02T11:23:26.761755,20333.474615,0.073,,1.000000,10.33896667,3.48523096,0,0,0,0,0,0,0,0
114,master_tile_114.fits,C:\Users\TRISTAN\Desktop\astrophoto\andromeda\out\4-5-0\zemosaic_temp_master_tiles\master_tile_114.fits,76,10,0,0.969603,0.341783,0.969603,0.801995,0.914132,0.318542,0.914132,0.723241,15.36652286,4.74442330,0.131579,0.694516,-0.627792,-0.297033,0.59157761,0.523753,1.194614,2.373268,268.8353,IRCUT,,2025-08-27T11:29:59.917462,20327.479166,-5.922,,1.000000,15.36652286,4.74442330,0,0,0,0,0,0,0,0
115,master_tile_115.fits,C:\Users\TRISTAN\Desktop\astrophoto\andromeda\out\4-5-0\zemosaic_temp_master_tiles\master_tile_115.fits,80,8,0,0.902147,0.292474,0.902147,0.782221,0.791952,0.236901,0.791952,0.617640,11.53673245,3.08550068,0.100000,0.434668,-0.434482,-0.012702,0.49306732,0.421783,1.186821,2.373997,269.7358,IRCUT,,2025-08-21T09:14:06.511490,20321.384798,-12.016,,1.000000,11.53673245,3.08550068,0,0,0,1,0,0,0,0
116,master_tile_116.fits,C:\Users\TRISTAN\Desktop\astrophoto\andromeda\out\4-5-0\zemosaic_temp_master_tiles\master_tile_116.fits,64,9,0,0.934009,0.265268,0.934009,0.728907,0.824591,0.240089,0.824591,0.660716,9.03374092,3.49074356,0.140625,0.777906,-0.092384,0.772401,0.53211257,0.512819,1.048078,2.377712,269.7673,IRCUT,,2025-11-18T03:23:58.283122,20410.141647,76.740,,1.000000,9.03374092,3.49074356,0,0,0,0,0,0,0,1
117,master_tile_117.fits,C:\Users\TRISTAN\Desktop\astrophoto\andromeda\out\4-5-0\zemosaic_temp_master_tiles\master_tile_117.fits,88,10,0,0.859652,0.337127,0.859652,0.738636,0.765835,0.318796,0.765835,0.689465,17.62327947,4.38774868,0.113636,0.627946,0.569025,0.265568,0.59403366,0.604058,1.023777,2.373228,269.0029,IRCUT,,2025-08-27T09:22:12.342484,20327.390421,-6.011,,1.000000,17.62327947,4.38774868,0,0,0,0,0,0,0,0
118,master_tile_118.fits,C:\Users\TRISTAN\Desktop\astrophoto\andromeda\out\4-5-0\zemosaic_temp_master_tiles\master_tile_118.fits,38,11,0,0.873966,0.267036,0.873966,0.577382,0.807016,0.255782,0.807016,0.559703,6.33503471,3.96508247,0.289474,1.203115,0.986423,0.688807,0.62430395,0.513868,1.231661,2.376772,269.6973,IRCUT,,2025-11-18T02:07:21.759858,20410.088446,76.687,,1.000000,6.33503471,3.96508247,0,0,1,0,0,0,0,1
119,master_tile_119.fits,C:\Users\TRISTAN\Desktop\astrophoto\andromeda\out\4-5-0\zemosaic_temp_master_tiles\master_tile_119.fits,57,8,0,0.794818,0.307465,0.794818,0.725233,0.779175,0.267144,0.779175,0.645863,8.86235389,2.93390094,0.140351,0.975206,0.087178,0.971301,0.50568282,0.512663,1.002529,2.376399,269.6221,IRCUT,,2025-11-18T00:28:47.491756,20410.019994,76.619,,1.000000,8.86235389,2.93390094,0,0,0,1,0,0,0,0
120,master_tile_120.fits,C:\Users\TRISTAN\Desktop\astrophoto\andromeda\out\4-5-0\zemosaic_temp_master_tiles\master_tile_120.fits,35,8,0,0.910237,0.289311,0.910237,0.646564,0.763044,0.236235,0.763044,0.534465,4.93281182,2.51978136,0.228571,1.498682,-0.605248,-1.371029,0.48714818,0.500482,1.019400,2.374792,268.9311,IRCUT,,2025-11-19T21:23:21.279605,20411.891219,78.490,,1.000000,4.93281182,2.51978136,0,0,1,1,0,0,1,1
121,master_tile_121.fits,C:\Users\TRISTAN\Desktop\astrophoto\andromeda\out\4-5-0\zemosaic_temp_master_tiles\master_tile_121.fits,83,12,0,0.954775,0.334520,0.954775,0.768257,0.855696,0.294717,0.855696,0.684031,14.06018391,4.66851578,0.144578,0.384925,0.259337,-0.284449,0.50639696,0.520954,1.023941,2.373051,268.7813,IRCUT,,2025-09-02T11:42:49.624607,20333.488074,0.087,,1.000000,14.06018391,4.66851578,0,0,0,0,0,0,0,0
122,master_tile_122.fits,C:\Users\TRISTAN\Desktop\astrophoto\andromeda\out\4-5-0\zemosaic_temp_master_tiles\master_tile_122.fits,74,10,0,0.954850,0.390219,0.954850,0.857976,0.821530,0.327439,0.821530,0.679328,14.38547509,4.27424064,0.135135,0.808694,0.495662,0.638988,0.49817729,0.447897,1.193800,2.373422,268.6815,IRCUT,,2025-09-02T11:59:48.981783,20333.499872,0.099,,1.000000,14.38547509,4.27424064,0,0,0,0,0,0,0,0
123,master_tile_123.fits,C:\Users\TRISTAN\Desktop\astrophoto\andromeda\out\4-5-0\zemosaic_temp_master_tiles\master_tile_123.fits,71,9,0,0.927653,0.300304,0.927653,0.712243,0.788508,0.287769,0.788508,0.655674,13.31107732,4.00187643,0.126761,1.017671,0.462679,0.906412,0.62429980,0.526277,1.233926,2.372966,269.2007,IRCUT,,2025-09-02T09:41:17.979674,20333.403680,0.002,,1.000000,13.31107732,4.00187643,0,0,0,0,0,0,0,0
124,master_tile_124.fits,C:\Users\TRISTAN\Desktop\astrophoto\andromeda\out\4-5-0\zemosaic_temp_master_tiles\master_tile_124.fits,32,10,0,0.929904,0.295781,0.929904,0.613890,0.929864,0.287904,0.929864,0.601073,5.77491850,3.74555935,0.312500,1.314946,-1.170676,-0.598832,0.61013532,0.516559,1.235063,2.373003,269.0944,IRCUT,,2025-09-02T10:17:12.333271,20333.428615,0.027,,1.000000,5.77491850,3.74555935,0,0,1,0,0,0,1,0
125,master_tile_125.fits,C:\Users\TRISTAN\Desktop\astrophoto\andromeda\out\4-5-0\zemosaic_temp_master_tiles\master_tile_125.fits,63,11,0,0.824591,0.240748,0.824591,0.623085,0.824591,0.232027,0.824591,0.596105,9.14155673,4.13101194,0.174603,0.897981,-0.085984,0.893855,0.60272102,0.533765,1.194791,2.373406,268.8339,IRCUT,,2025-08-27T10:57:55.903913,20327.456897,-5.944,,1.000000,9.14155673,4.13101194,0,0,0,0,0,0,0,0
126,master_tile_126.fits,C:\Users\TRISTAN\Desktop\astrophoto\andromeda\out\4-5-0\zemosaic_temp_master_tiles\master_tile_126.fits,66,12,0,0.965494,0.356126,0.965494,0.727828,0.828465,0.333063,0.828465,0.667936,13.84668472,5.14526871,0.181818,0.863848,-0.615764,-0.605862,0.58911259,0.518564,1.193277,2.373208,268.9777,IRCUT,,2025-08-27T09:09:32.213074,20327.381623,-6.020,,1.000000,13.84668472,5.14526871,0,0,0,0,0,0,0,0
127,master_tile_127.fits,C:\Users\TRISTAN\Desktop\astrophoto\andromeda\out\4-5-0\zemosaic_temp_master_tiles\master_tile_127.fits,88,21,0,0.805702,0.327695,0.805702,0.610170,0.805702,0.324871,0.805702,0.605621,20.59353004,9.15056203,0.238636,0.543395,0.536076,0.088884,0.71413077,0.530738,1.432398,2.373154,268.9048,IRCUT,,2025-08-27T10:29:46.828365,20327.437348,-5.964,,1.000000,20.59353004,9.15056203,0,0,0,0,0,0,0,0
128,master_tile_128.fits,C:\Users\TRISTAN\Desktop\astrophoto\andromeda\out\4-5-0\zemosaic_temp_master_tiles\master_tile_128.fits,65,13,0,0.905248,0.284123,0.905248,0.655257,0.904772,0.279096,0.904772,0.652835,12.67748744,5.84747394,0.200000,0.932912,-0.286810,-0.887731,0.68645678,0.603074,1.196043,2.373588,268.8501,IRCUT,,2025-08-27T11:58:51.496436,20327.499207,-5.902,,1.000000,12.67748744,5.84747394,0,0,0,0,0,0,0,0
129,master_tile_129.fits,C:\Users\TRISTAN\Desktop\astrophoto\andromeda\out\4-5-0\zemosaic_temp_master_tiles\master_tile_129.fits,70,8,0,0.923201,0.256347,0.923201,0.802734,0.717429,0.185694,0.717429,0.560235,7.38318676,2.64228538,0.114286,0.630186,-0.191866,0.600268,0.41145109,0.518470,0.818456,2.375887,269.1922,IRCUT,,2025-11-17T20:27:11.379412,20409.852215,76.451,,1.000000,7.38318676,2.64228538,0,0,0,1,0,0,0,0
130,master_tile_130.fits,C:\Users\TRISTAN\Desktop\astrophoto\andromeda\out\4-5-0\zemosaic_temp_master_tiles\master_tile_130.fits,27,9,0,0.827246,0.320563,0.827246,0.602677,0.827246,0.314872,0.827246,0.598381,5.85174204,3.66720867,0.333333,1.222657,1.048243,0.629345,0.67609593,0.526171,1.341095,2.373477,269.1737,IRCUT,,2025-09-02T09:47:40.268981,20333.408105,0.007,,1.000000,5.85174204,3.66720867,0,0,1,0,0,0,1,0
131,master_tile_131.fits,C:\Users\TRISTAN\Desktop\astrophoto\andromeda\out\4-5-0\zemosaic_temp_master_tiles\master_tile_131.fits,60,10,0,0.911059,0.317276,0.911059,0.690149,0.848473,0.304100,0.848473,0.672647,11.77693693,4.26959180,0.166667,0.844347,0.796739,0.279514,0.61864769,0.521065,1.233695,2.372980,269.2330,IRCUT,,2025-09-02T09:37:12.440445,20333.400838,-0.000,,1.000000,11.77693693,4.26959180,0,0,0,0,0,0,0,0
132,master_tile_132.fits,C:\Users\TRISTAN\Desktop\astrophoto\andromeda\out\4-5-0\zemosaic_temp_master_tiles\master_tile_132.fits,72,12,0,0.836633,0.309906,0.836633,0.648621,0.793431,0.273984,0.793431,0.589571,11.53358761,4.02322513,0.166667,0.778195,0.128824,0.767458,0.51689448,0.603317,0.873808,2.376020,269.4724,IRCUT,,2025-11-17T22:35:24.482258,20409.941256,76.540,,1.000000,11.53358761,4.02322513,0,0,0,0,0,0,0,0
133,master_tile_133.fits,C:\Users\TRISTAN\Desktop\astrophoto\andromeda\out\4-5-0\zemosaic_temp_master_tiles\master_tile_133.fits,76,19,0,0.912520,0.313123,0.912520,0.622922,0.912520,0.311881,0.912520,0.622571,17.17496376,8.54191109,0.250000,0.674153,-0.670763,0.067523,0.72171794,0.603150,1.234544,2.373172,269.2784,IRCUT,,2025-09-02T09:23:00.417537,20333.390977,-0.010,,1.000000,17.17496376,8.54191109,0,0,0,0,0,0,0,0
134,master_tile_134.fits,C:\Users\TRISTAN\Desktop\astrophoto\andromeda\out\4-5-0\zemosaic_temp_master_tiles\master_tile_134.fits,86,11,0,0.967358,0.343336,0.967358,0.710512,0.818967,0.326100,0.818967,0.676050,17.56235912,4.64867567,0.127907,0.557289,0.552735,0.071098,0.59479174,0.525088,1.193997,2.373342,268.9210,IRCUT,,2025-09-02T11:16:12.987952,20333.469595,0.068,,1.000000,17.56235912,4.64867567,0,0,0,0,0,0,0,0
135,master_tile_135.fits,C:\Users\TRISTAN\Desktop\astrophoto\andromeda\out\4-5-0\zemosaic_temp_master_tiles\master_tile_135.fits,65,14,0,0.904772,0.297913,0.904772,0.657880,0.904772,0.292772,0.904772,0.655398,13.29975624,6.32580524,0.215385,0.915765,-0.327469,-0.855213,0.68681745,0.606952,1.198577,2.373318,268.6750,IRCUT,,2025-09-02T12:06:23.144130,20333.504435,0.103,,1.000000,13.29975624,6.32580524,0,0,0,0,0,0,0,0
136,master_tile_136.fits,C:\Users\TRISTAN\Desktop\astrophoto\andromeda\out\4-5-0\zemosaic_temp_master_tiles\master_tile_136.fits,56,9,0,0.762005,0.222474,0.762005,0.636436,0.702807,0.212201,0.702807,0.610868,7.37390421,3.39021394,0.160714,1.031611,-0.212218,1.009547,0.59187526,0.518093,1.162930,2.376347,269.6248,IRCUT,,2025-11-18T00:31:51.341284,20410.022122,76.621,,1.000000,7.37390421,3.39021394,0,0,0,0,1,1,0,0
137,master_tile_137.fits,C:\Users\TRISTAN\Desktop\astrophoto\andromeda\out\4-5-0\zemosaic_temp_master_tiles\master_tile_137.fits,86,11,0,0.659791,0.206503,0.659791,0.556805,0.659791,0.205884,0.659791,0.556805,12.92904037,4.45898821,0.127907,0.590004,-0.109724,0.579711,0.72801571,0.614690,1.238791,2.375572,268.9713,IRCUT,,2025-09-24T08:39:47.522428,20355.360967,21.960,,1.000000,12.92904037,4.45898821,0,0,0,0,1,1,0,0
138,master_tile_138.fits,C:\Users\TRISTAN\Desktop\astrophoto\andromeda\out\4-5-0\zemosaic_temp_master_tiles\master_tile_138.fits,52,9,0,0.955880,0.269625,0.955880,0.680766,0.954927,0.256466,0.954927,0.658076,8.47696475,3.70439663,0.173077,1.240951,-0.305452,-1.202771,0.60461251,0.516678,1.236993,2.373262,268.8534,IRCUT,,2025-08-27T11:04:59.205895,20327.461796,-5.939,,1.000000,8.47696475,3.70439663,0,0,0,0,0,0,1,0
139,master_tile_139.fits,C:\Users\TRISTAN\Desktop\astrophoto\andromeda\out\4-5-0\zemosaic_temp_master_tiles\master_tile_139.fits,53,8,0,0.859930,0.255204,0.859930,0.661220,0.800655,0.245021,0.800655,0.631472,8.19501054,3.20494934,0.150943,1.238189,0.172113,1.226168,0.60587834,0.535316,1.194188,2.373325,268.8511,IRCUT,,2025-09-02T11:00:45.865714,20333.458864,0.058,,1.000000,8.19501054,3.20494934,0,0,0,1,0,0,1,0
140,master_tile_140.fits,C:\Users\TRISTAN\Desktop\astrophoto\andromeda\out\4-5-0\zemosaic_temp_master_tiles\master_tile_140.fits,103,16,0,0.814672,0.288993,0.814672,0.609516,0.814672,0.286572,0.814672,0.608867,21.12347016,6.92062902,0.155340,0.290387,0.290387,0.000000,0.70964370,0.599057,1.236756,2.373193,269.0318,IRCUT,,2025-08-27T08:57:55.746488,20327.373562,-6.028,,1.000000,21.12347016,6.92062902,0,0,0,0,0,0,0,0
141,master_tile_141.fits,C:\Users\TRISTAN\Desktop\astrophoto\andromeda\out\4-5-0\zemosaic_temp_master_tiles\master_tile_141.fits,71,10,0,0.788508,0.259730,0.788508,0.589327,0.788508,0.257149,0.788508,0.571185,13.54420117,4.32842255,0.140845,1.090790,0.442122,0.997171,0.73446814,0.603402,1.231554,2.376585,269.7455,IRCUT,,2025-11-18T01:48:58.530633,20410.075677,76.674,,1.000000,13.54420117,4.32842255,0,0,0,0,0,0,0,1
142,master_tile_142.fits,C:\Users\TRISTAN\Desktop\astrophoto\andromeda\out\4-5-0\zemosaic_temp_master_tiles\master_tile_142.fits,95,17,0,0.802182,0.293465,0.802182,0.616933,0.794764,0.288540,0.794764,0.612912,18.84528968,7.08939837,0.178947,0.386780,0.307964,-0.234002,0.67596197,0.564237,1.233614,2.373574,270.6355,IRCUT,,2025-08-22T11:07:21.097962,20322.463439,-10.938,,1.000000,18.84528968,7.08939837,0,0,0,0,0,0,0,0
143,master_tile_143.fits,C:\Users\TRISTAN\Desktop\astrophoto\andromeda\out\4-5-0\zemosaic_temp_master_tiles\master_tile_143.fits,83,14,0,0.959113,0.330620,0.959113,0.723160,0.855696,0.306873,0.855696,0.681551,15.37086244,5.67091940,0.168675,0.395592,0.265357,-0.293392,0.56013252,0.478663,1.187244,2.373978,269.7259,IRCUT,,2025-08-21T08:49:09.185595,20321.367467,-12.034,,1.000000,15.37086244,5.67091940,0,0,0,0,0,0,0,0
144,master_tile_144.fits,C:\Users\TRISTAN\Desktop\astrophoto\andromeda\out\4-5-0\zemosaic_temp_master_tiles\master_tile_144.fits,56,11,0,0.846929,0.282140,0.846929,0.590864,0.846929,0.279498,0.846929,0.590864,10.96239284,4.50955197,0.196429,1.023122,-1.002956,-0.202132,0.69382982,0.603296,1.192048,2.375719,269.1661,IRCUT,,2025-11-17T19:35:36.273906,20409.816392,76.415,,1.000000,10.96239284,4.50955197,0,0,0,0,0,0,0,0
145,master_tile_145.fits,C:\Users\TRISTAN\Desktop\astrophoto\andromeda\out\4-5-0\zemosaic_temp_master_tiles\master_tile_145.fits,81,8,0,0.818502,0.218430,0.818502,0.655485,0.629611,0.179817,0.629611,0.494439,8.71405223,2.58270654,0.098765,0.226679,-0.131049,-0.184958,0.49251800,0.427734,1.190138,2.375899,269.4016,IRCUT,,2025-11-17T21:53:31.517392,20409.912170,76.511,,1.000000,8.71405223,2.58270654,0,0,0,1,0,0,0,0
146,master_tile_146.fits,C:\Users\TRISTAN\Desktop\astrophoto\andromeda\out\4-5-0\zemosaic_temp_master_tiles\master_tile_146.fits,63,11,0,0.970703,0.253837,0.970703,0.786167,0.832695,0.211326,0.832695,0.654048,7.66033007,4.14246860,0.174603,0.806183,-0.211639,0.777908,0.47901815,0.474847,1.045242,2.375750,269.2426,IRCUT,,2025-11-17T21:03:27.560706,20409.877402,76.476,,1.000000,7.66033007,4.14246860,0,0,0,0,0,0,0,0
147,master_tile_147.fits,C:\Users\TRISTAN\Desktop\astrophoto\andromeda\out\4-5-0\zemosaic_temp_master_tiles\master_tile_147.fits,23,10,0,0.770780,0.327347,0.770780,0.563229,0.770780,0.327275,0.770780,0.563229,5.39648313,4.03701038,0.434783,1.376348,-1.269914,-0.530709,0.71676195,0.600096,1.236917,2.375711,269.2121,IRCUT,,2025-11-17T19:57:03.404323,20409.831289,76.430,,1.000000,5.39648313,4.03701038,0,0,1,0,1,1,1,0
148,master_tile_148.fits,C:\Users\TRISTAN\Desktop\astrophoto\andromeda\out\4-5-0\zemosaic_temp_master_tiles\master_tile_148.fits,49,10,0,0.936359,0.323977,0.936359,0.714095,0.849798,0.281669,0.849798,0.627118,8.45393833,3.80281205,0.204082,1.196302,-0.367239,-1.138541,0.53253602,0.501821,1.082022,2.376055,269.5667,IRCUT,,2025-11-17T23:08:05.729827,20409.963955,76.563,,1.000000,8.45393833,3.80281205,0,0,0,0,0,0,0,0
149,master_tile_149.fits,C:\Users\TRISTAN\Desktop\astrophoto\andromeda\out\4-5-0\zemosaic_temp_master_tiles\master_tile_149.fits,60,11,0,0.959916,0.342562,0.959916,0.720245,0.833589,0.318993,0.833589,0.653617,12.28272252,4.73453734,0.183333,0.804110,-0.717090,0.363834,0.59759194,0.520317,1.190518,2.373229,269.2520,IRCUT,,2025-09-02T09:22:24.461693,20333.390561,-0.011,,1.000000,12.28272252,4.73453734,0,0,0,0,0,0,0,0
150,master_tile_150.fits,C:\Users\TRISTAN\Desktop\astrophoto\andromeda\out\4-5-0\zemosaic_temp_master_tiles\master_tile_150.fits,91,11,0,0.862385,0.222678,0.862385,0.647620,0.680546,0.211636,0.680546,0.584485,12.43502465,4.37160706,0.120879,0.263260,-0.015210,-0.262820,0.61366075,0.513699,1.232631,2.373116,269.3566,IRCUT,,2025-09-02T09:16:48.262940,20333.386670,-0.015,,1.000000,12.43502465,4.37160706,0,0,0,0,0,0,0,0
151,master_tile_151.fits,C:\Users\TRISTAN\Desktop\astrophoto\andromeda\out\4-5-0\zemosaic_temp_master_tiles\master_tile_151.fits,70,12,0,0.843938,0.306730,0.843938,0.670879,0.754448,0.293830,0.754448,0.657860,13.41724509,5.03077078,0.171429,0.626007,-0.491181,0.388106,0.62489807,0.525534,1.235459,2.375661,269.2108,IRCUT,,2025-11-17T20:28:43.357601,20409.853280,76.452,,1.000000,13.41724509,5.03077078,0,0,0,0,0,0,0,0
152,master_tile_152.fits,C:\Users\TRISTAN\Desktop\astrophoto\andromeda\out\4-5-0\zemosaic_temp_master_tiles\master_tile_152.fits,82,9,0,0.856411,0.323274,0.856411,0.735958,0.823056,0.302090,0.823056,0.713360,15.17993363,3.79298329,0.109756,0.633069,0.221405,0.593090,0.57264495,0.522987,1.200045,2.374026,268.0937,IRCUT,,2025-07-04T07:28:04.153494,20273.311159,-60.090,,1.000000,15.17993363,3.79298329,0,0,0,0,0,0,0,0
153,master_tile_153.fits,C:\Users\TRISTAN\Desktop\astrophoto\andromeda\out\4-5-0\zemosaic_temp_master_tiles\master_tile_153.fits,80,16,0,0.864614,0.313443,0.864614,0.648961,0.864614,0.311736,0.864614,0.644973,18.01165109,7.45836286,0.200000,0.708208,-0.666341,-0.239890,0.71829803,0.609197,1.238753,2.373106,268.8551,IRCUT,,2025-09-02T11:11:02.043146,20333.465996,0.065,,1.000000,18.01165109,7.45836286,0,0,0,0,0,0,0,0
154,master_tile_154.fits,C:\Users\TRISTAN\Desktop\astrophoto\andromeda\out\4-5-0\zemosaic_temp_master_tiles\master_tile_154.fits,55,11,0,0.963202,0.316009,0.963202,0.684428,0.824695,0.301048,0.824695,0.631622,10.83891337,4.69509569,0.200000,1.040640,0.786998,0.680857,0.62362579,0.524969,1.235372,2.375723,269.1885,IRCUT,,2025-11-17T19:49:54.346423,20409.826323,76.425,,1.000000,10.83891337,4.69509569,0,0,0,0,0,0,0,0
155,master_tile_155.fits,C:\Users\TRISTAN\Desktop\astrophoto\andromeda\out\4-5-0\zemosaic_temp_master_tiles\master_tile_155.fits,110,10,0,0.836679,0.207630,0.836679,0.591344,0.835460,0.206181,0.835460,0.591222,16.53546739,4.28127717,0.090909,0.195142,0.061701,0.185131,0.72399097,0.597439,1.233055,2.376424,269.6102,IRCUT,,2025-11-18T00:51:15.619298,20410.035597,76.634,,1.000000,16.53546739,4.28127717,0,0,0,0,0,0,0,1
156,master_tile_156.fits,C:\Users\TRISTAN\Desktop\astrophoto\andromeda\out\4-5-0\zemosaic_temp_master_tiles\master_tile_156.fits,87,8,0,0.795368,0.285062,0.795368,0.736828,0.673686,0.243599,0.673686,0.601233,12.33446287,2.93169065,0.091954,0.470172,0.143389,0.447773,0.49735011,0.431554,1.190011,2.375934,269.4178,IRCUT,,2025-11-17T22:03:13.873981,20409.918911,76.518,,1.000000,12.33446287,2.93169065,0,0,0,1,0,0,0,0
157,master_tile_157.fits,C:\Users\TRISTAN\Desktop\astrophoto\andromeda\out\4-5-0\zemosaic_temp_master_tiles\master_tile_157.fits,83,15,0,0.761972,0.305447,0.761972,0.637294,0.721222,0.299785,0.721222,0.618041,17.21047145,6.48947308,0.180723,0.843338,0.392087,0.746650,0.67885686,0.521806,1.340824,2.376032,269.4171,IRCUT,,2025-11-17T22:33:21.852398,20409.939836,76.539,,1.000000,17.21047145,6.48947308,0,0,0,0,1,1,0,0
158,master_tile_158.fits,C:\Users\TRISTAN\Desktop\astrophoto\andromeda\out\4-5-0\zemosaic_temp_master_tiles\master_tile_158.fits,71,11,0,0.867224,0.294507,0.867224,0.694023,0.810342,0.280789,0.810342,0.649323,13.05800194,4.76748654,0.154930,0.743244,-0.324224,-0.668798,0.62448659,0.592329,1.078498,2.375684,269.4517,IRCUT,,2025-09-23T08:20:18.444962,20354.347436,20.946,,1.000000,13.05800194,4.76748654,0,0,0,0,0,0,0,0
159,master_tile_159.fits,C:\Users\TRISTAN\Desktop\astrophoto\andromeda\out\4-5-0\zemosaic_temp_master_tiles\master_tile_159.fits,78,10,0,0.973643,0.347479,0.973643,0.771862,0.830944,0.333366,0.830944,0.718217,16.85619266,4.80037991,0.128205,0.788683,0.581009,0.533339,0.62192214,0.525802,1.236079,2.375122,269.0977,IRCUT,,2025-11-20T19:29:10.527187,20412.811927,79.411,,1.000000,16.85619266,4.80037991,0,0,0,0,0,0,0,1
160,master_tile_160.fits,C:\Users\TRISTAN\Desktop\astrophoto\andromeda\out\4-5-0\zemosaic_temp_master_tiles\master_tile_160.fits,55,10,0,0.974942,0.336360,0.974942,0.711236,0.858875,0.320918,0.858875,0.672219,11.24060242,4.32151108,0.181818,1.118591,-0.681976,-0.886653,0.60760604,0.520661,1.236825,2.373132,268.8105,IRCUT,,2025-09-02T11:24:36.385520,20333.475421,0.074,,1.000000,11.24060242,4.32151108,0,0,0,0,0,0,0,0
161,master_tile_161.fits,C:\Users\TRISTAN\Desktop\astrophoto\andromeda\out\4-5-0\zemosaic_temp_master_tiles\master_tile_161.fits,81,9,0,0.924277,0.363385,0.924277,0.831975,0.783024,0.303148,0.783024,0.650035,14.04343281,3.57251893,0.111111,0.479582,0.445086,-0.178596,0.47711332,0.421053,1.150762,2.376549,269.7126,IRCUT,,2025-11-18T01:14:45.197677,20410.051912,76.651,,1.000000,14.04343281,3.57251893,0,0,0,0,0,0,0,1
162,master_tile_162.fits,C:\Users\TRISTAN\Desktop\astrophoto\andromeda\out\4-5-0\zemosaic_temp_master_tiles\master_tile_162.fits,62,11,0,0.840436,0.289962,0.840436,0.641410,0.840436,0.289059,0.840436,0.637657,13.08380128,5.13486900,0.177419,0.860853,-0.743437,0.434015,0.72778188,0.611897,1.237806,2.375611,269.1011,IRCUT,,2025-11-17T18:56:47.383800,20409.789437,76.388,,1.000000,13.08380128,5.13486900,0,0,0,0,0,0,0,0
163,master_tile_163.fits,C:\Users\TRISTAN\Desktop\astrophoto\andromeda\out\4-5-0\zemosaic_temp_master_tiles\master_tile_163.fits,63,8,0,1.000000,0.383564,1.000000,0.879147,0.824807,0.274762,0.824807,0.617494,9.44060516,2.74772198,0.126984,0.599979,0.262752,-0.539385,0.39068030,0.423650,0.936255,2.376121,269.6718,IRCUT,,2025-11-17T23:52:00.880080,20409.994455,76.593,,1.000000,9.44060516,2.74772198,0,0,0,1,0,0,0,0
164,master_tile_164.fits,C:\Users\TRISTAN\Desktop\astrophoto\andromeda\out\4-5-0\zemosaic_temp_master_tiles\master_tile_164.fits,50,8,0,0.966001,0.230857,0.966001,0.625694,0.851662,0.224201,0.851662,0.611401,7.24605424,3.14225348,0.160000,1.292256,0.098794,1.288474,0.62775393,0.531025,1.232033,2.375710,269.1594,IRCUT,,2025-11-17T20:05:44.343760,20409.837319,76.436,,1.000000,7.24605424,3.14225348,0,0,0,1,0,0,1,0
165,master_tile_165.fits,C:\Users\TRISTAN\Desktop\astrophoto\andromeda\out\4-5-0\zemosaic_temp_master_tiles\master_tile_165.fits,56,10,0,0.895629,0.333161,0.895629,0.731194,0.761540,0.286139,0.761540,0.615105,9.62552738,3.77236994,0.178571,0.825332,-0.496804,0.659058,0.51591933,0.511882,1.017822,2.377881,269.7659,IRCUT,,2025-11-18T03:28:34.107314,20410.144839,76.744,,1.000000,9.62552738,3.77236994,0,0,0,0,0,0,0,1
166,master_tile_166.fits,C:\Users\TRISTAN\Desktop\astrophoto\andromeda\out\4-5-0\zemosaic_temp_master_tiles\master_tile_166.fits,73,11,0,0.898418,0.330500,0.898418,0.716284,0.766986,0.309176,0.766986,0.650510,14.32845027,4.67932072,0.150685,0.780113,-0.753324,-0.202678,0.59388823,0.509947,1.189609,2.376217,269.5544,IRCUT,,2025-11-17T23:41:48.122309,20409.987363,76.586,,1.000000,14.32845027,4.67932072,0,0,0,0,0,0,0,0
167,master_tile_167.fits,C:\Users\TRISTAN\Desktop\astrophoto\andromeda\out\4-5-0\zemosaic_temp_master_tiles\master_tile_167.fits,86,8,0,0.981141,0.325461,0.981141,0.840503,0.731512,0.250011,0.710627,0.628035,12.01530865,2.88646449,0.093023,0.303651,0.216828,-0.212579,0.42927633,0.368603,1.233932,2.375635,269.0970,IRCUT,,2025-11-17T18:45:33.110275,20409.781633,76.380,,1.000000,12.01530865,2.88646449,0,0,0,1,0,0,0,0
168,master_tile_168.fits,C:\Users\TRISTAN\Desktop\astrophoto\andromeda\out\4-5-0\zemosaic_temp_master_tiles\master_tile_168.fits,78,11,0,0.930310,0.302502,0.930310,0.704084,0.871355,0.277058,0.871355,0.639473,13.64235222,4.47799230,0.141026,0.503250,-0.484805,0.134999,0.57818440,0.478219,1.232131,2.376355,269.6259,IRCUT,,2025-11-18T00:45:38.585701,20410.031697,76.630,,1.000000,13.64235222,4.47799230,0,0,0,0,0,0,0,1
169,master_tile_169.fits,C:\Users\TRISTAN\Desktop\astrophoto\andromeda\out\4-5-0\zemosaic_temp_master_tiles\master_tile_169.fits,95,17,0,0.854317,0.315883,0.854317,0.647005,0.854317,0.312216,0.854317,0.644711,21.02807566,7.70736263,0.178947,0.633651,0.455899,0.440079,0.70072755,0.597863,1.187506,2.374154,269.7163,IRCUT,,2025-08-21T09:45:02.794112,20321.406282,-11.995,,1.000000,21.02807566,7.70736263,0,0,0,0,0,0,0,0
170,master_tile_170.fits,C:\Users\TRISTAN\Desktop\astrophoto\andromeda\out\4-5-0\zemosaic_temp_master_tiles\master_tile_170.fits,68,11,0,0.895878,0.317305,0.895878,0.692479,0.825957,0.298427,0.825957,0.629800,12.89627533,4.55279845,0.161765,0.828917,0.746069,0.361226,0.59769393,0.520941,1.190712,2.372753,269.2277,IRCUT,,2025-09-02T09:37:47.222669,20333.401241,0.000,,1.000000,12.89627533,4.55279845,0,0,0,0,0,0,0,0
171,master_tile_171.fits,C:\Users\TRISTAN\Desktop\astrophoto\andromeda\out\4-5-0\zemosaic_temp_master_tiles\master_tile_171.fits,61,10,0,0.840690,0.316141,0.840690,0.702165,0.805635,0.297018,0.805635,0.644845,11.35516737,4.13448381,0.163934,1.060941,-0.730422,-0.769467,0.58881965,0.511096,1.191887,2.375897,269.2947,IRCUT,,2025-11-17T21:13:10.144417,20409.884145,76.483,,1.000000,11.35516737,4.13448381,0,0,0,0,0,0,0,0
172,master_tile_172.fits,C:\Users\TRISTAN\Desktop\astrophoto\andromeda\out\4-5-0\zemosaic_temp_master_tiles\master_tile_172.fits,77,10,0,0.945227,0.292514,0.945227,0.675694,0.797815,0.276090,0.797815,0.622240,13.76717048,4.13007295,0.129870,0.669732,-0.442230,-0.502965,0.61123400,0.505178,1.229301,2.375502,269.6871,IRCUT,,2025-09-23T06:27:47.870822,20354.269304,20.868,,1.000000,13.76717048,4.13007295,0,0,0,0,0,0,0,0
173,master_tile_173.fits,C:\Users\TRISTAN\Desktop\astrophoto\andromeda\out\4-5-0\zemosaic_temp_master_tiles\master_tile_173.fits,90,13,0,0.933624,0.342994,0.933624,0.710360,0.859903,0.333239,0.859903,0.689676,19.79359450,5.92130931,0.144444,0.605088,0.449814,0.404721,0.64120396,0.534368,1.281450,2.373042,268.6563,IRCUT,,2025-09-02T11:58:15.696510,20333.498793,0.098,,1.000000,19.79359450,5.92130931,0,0,0,0,0,0,0,0
174,master_tile_174.fits,C:\Users\TRISTAN\Desktop\astrophoto\andromeda\out\4-5-0\zemosaic_temp_master_tiles\master_tile_174.fits,89,8,0,0.890198,0.270093,0.890198,0.691288,0.871194,0.263525,0.871194,0.676167,16.01554809,3.68457646,0.089888,0.514339,-0.473417,-0.201051,0.66625228,0.517925,1.342689,2.375716,269.1889,IRCUT,,2025-11-17T20:11:21.346096,20409.841219,76.440,,1.000000,16.01554809,3.68457646,0,0,0,1,0,0,0,0
175,master_tile_175.fits,C:\Users\TRISTAN\Desktop\astrophoto\andromeda\out\4-5-0\zemosaic_temp_master_tiles\master_tile_175.fits,66,8,0,0.866627,0.248726,0.866627,0.748379,0.713523,0.203677,0.713523,0.554360,7.96107380,2.90346956,0.121212,0.942444,-0.152417,-0.930037,0.48495987,0.509778,0.986657,2.375649,269.1410,IRCUT,,2025-11-17T19:44:17.295913,20409.822422,76.421,,1.000000,7.96107380,2.90346956,0,0,0,1,0,0,0,0
176,master_tile_176.fits,C:\Users\TRISTAN\Desktop\astrophoto\andromeda\out\4-5-0\zemosaic_temp_master_tiles\master_tile_176.fits,54,10,0,0.954927,0.272809,0.954927,0.681104,0.954927,0.259459,0.954927,0.658428,8.91584898,4.12215093,0.185185,1.208797,-0.314253,-1.167234,0.60521615,0.511949,1.233840,2.372977,269.0998,IRCUT,,2025-09-02T10:18:00.540554,20333.429173,0.028,,1.000000,8.91584898,4.12215093,0,0,0,0,0,0,0,0
177,master_tile_177.fits,C:\Users\TRISTAN\Desktop\astrophoto\andromeda\out\4-5-0\zemosaic_temp_master_tiles\master_tile_177.fits,97,10,0,0.873738,0.329071,0.873738,0.741422,0.873738,0.313548,0.873738,0.698821,19.04988226,4.42482191,0.103093,0.431862,0.405870,0.147562,0.59680248,0.522270,1.193467,2.375613,269.0831,IRCUT,,2025-11-17T19:22:19.516553,20409.807170,76.406,,1.000000,19.04988226,4.42482191,0,0,0,0,0,0,0,0
178,master_tile_178.fits,C:\Users\TRISTAN\Desktop\astrophoto\andromeda\out\4-5-0\zemosaic_temp_master_tiles\master_tile_178.fits,67,11,0,0.879429,0.305865,0.879429,0.703387,0.820317,0.295070,0.820317,0.684990,13.12886964,4.95689238,0.164179,0.899456,-0.394740,-0.808209,0.64065245,0.593763,1.109493,2.375803,269.3266,IRCUT,,2025-11-17T21:15:12.977961,20409.885567,76.484,,1.000000,13.12886964,4.95689238,0,0,0,0,0,0,0,0
179,master_tile_179.fits,C:\Users\TRISTAN\Desktop\astrophoto\andromeda\out\4-5-0\zemosaic_temp_master_tiles\master_tile_179.fits,63,16,0,0.824695,0.280755,0.824695,0.569486,0.824695,0.277366,0.824695,0.557654,12.88295454,6.63668574,0.253968,1.018546,0.794761,0.637017,0.72836337,0.622336,1.240836,2.373570,268.6407,IRCUT,,2025-09-02T12:09:30.507803,20333.506603,0.105,,1.000000,12.88295454,6.63668574,0,0,0,0,0,0,0,0
180,master_tile_180.fits,C:\Users\TRISTAN\Desktop\astrophoto\andromeda\out\4-5-0\zemosaic_temp_master_tiles\master_tile_180.fits,90,9,0,0.846389,0.317913,0.846389,0.723357,0.846389,0.303443,0.846389,0.709291,17.10943050,3.89296226,0.100000,0.551032,0.271698,0.479392,0.59797792,0.503705,1.235735,2.375810,269.2106,IRCUT,,2025-09-23T10:19:20.843321,20354.430102,21.029,,1.000000,17.10943050,3.89296226,0,0,0,0,0,0,0,0
181,master_tile_181.fits,C:\Users\TRISTAN\Desktop\astrophoto\andromeda\out\4-5-0\zemosaic_temp_master_tiles\master_tile_181.fits,63,10,0,0.901097,0.305423,0.901097,0.693578,0.769989,0.286536,0.769989,0.652861,11.44125462,4.12407225,0.158730,0.720024,-0.438458,0.571130,0.59460844,0.521528,1.165250,2.375641,269.5294,IRCUT,,2025-09-23T07:24:47.796943,20354.308887,20.908,,1.000000,11.44125462,4.12407225,0,0,0,0,0,0,0,0
182,master_tile_182.fits,C:\Users\TRISTAN\Desktop\astrophoto\andromeda\out\4-5-0\zemosaic_temp_master_tiles\master_tile_182.fits,82,11,0,0.797815,0.264079,0.797815,0.620863,0.797815,0.261553,0.797815,0.620863,15.68155329,4.94572472,0.134146,0.676212,-0.408056,-0.539215,0.72417147,0.535452,1.428242,2.373092,268.9752,IRCUT,,2025-09-02T10:37:10.500436,20333.442483,0.041,,1.000000,15.68155329,4.94572472,0,0,0,0,0,0,0,0
183,master_tile_183.fits,C:\Users\TRISTAN\Desktop\astrophoto\andromeda\out\4-5-0\zemosaic_temp_master_tiles\master_tile_183.fits,87,11,0,0.990565,0.216691,0.990565,0.561328,0.812792,0.214647,0.812792,0.545167,14.70495165,4.81630258,0.126437,0.478536,-0.073435,-0.472868,0.78001712,0.591429,1.338322,2.376107,269.6754,IRCUT,,2025-07-24T08:32:42.046130,20293.356042,-40.045,,1.000000,14.70495165,4.81630258,0,0,0,0,0,0,0,0
184,master_tile_184.fits,C:\Users\TRISTAN\Desktop\astrophoto\andromeda\out\4-5-0\zemosaic_temp_master_tiles\master_tile_184.fits,81,17,0,0.867274,0.318645,0.867274,0.643542,0.830944,0.315360,0.830944,0.630481,18.80861599,7.97242172,0.209877,0.819546,0.592335,0.566387,0.72872577,0.613430,1.237837,2.375581,269.0594,IRCUT,,2025-09-24T09:03:52.732929,20355.377694,21.976,,1.000000,18.80861599,7.97242172,0,0,0,0,0,0,0,0
185,master_tile_185.fits,C:\Users\TRISTAN\Desktop\astrophoto\andromeda\out\4-5-0\zemosaic_temp_master_tiles\master_tile_185.fits,48,8,0,0.799026,0.193415,0.799026,0.494894,0.799026,0.193415,0.799026,0.494894,7.25250504,3.09285120,0.166667,1.139270,-0.907562,0.688670,0.78118990,0.615428,1.323004,2.376213,269.0765,IRCUT,,2025-11-11T05:17:51.485539,20403.220735,69.819,,1.000000,7.25250504,3.09285120,0,0,0,1,0,0,0,0
186,master_tile_186.fits,C:\Users\TRISTAN\Desktop\astrophoto\andromeda\out\4-5-0\zemosaic_temp_master_tiles\master_tile_186.fits,64,10,0,0.908074,0.307729,0.908074,0.681390,0.832057,0.282454,0.832057,0.635671,10.63334280,3.67889746,0.156250,0.747255,0.312944,-0.678569,0.53991031,0.509261,1.074925,2.375610,269.6963,IRCUT,,2025-09-23T06:52:48.479660,20354.286672,20.885,,1.000000,10.63334280,3.67889746,0,0,0,0,0,0,0,0
187,master_tile_187.fits,C:\Users\TRISTAN\Desktop\astrophoto\andromeda\out\4-5-0\zemosaic_temp_master_tiles\master_tile_187.fits,104,17,0,0.812792,0.179823,0.812792,0.453838,0.812792,0.179823,0.812792,0.453838,17.77815180,7.33427499,0.163462,0.533111,-0.061555,-0.529546,0.95062143,0.690999,1.435170,2.375432,269.0436,IRCUT,,2025-09-24T07:18:02.760089,20355.304199,21.903,,1.000000,17.77815180,7.33427499,0,0,0,0,0,0,0,0
188,master_tile_188.fits,C:\Users\TRISTAN\Desktop\astrophoto\andromeda\out\4-5-0\zemosaic_temp_master_tiles\master_tile_188.fits,75,10,0,0.829528,0.240298,0.829528,0.619106,0.768684,0.238493,0.768684,0.607351,12.78872397,4.39320476,0.133333,0.763646,0.541009,-0.538947,0.70960470,0.521613,1.432798,2.375409,269.0333,IRCUT,,2025-09-24T07:37:05.671031,20355.317427,21.916,,1.000000,12.78872397,4.39320476,0,0,0,0,0,0,0,0
189,master_tile_189.fits,C:\Users\TRISTAN\Desktop\astrophoto\andromeda\out\4-5-0\zemosaic_temp_master_tiles\master_tile_189.fits,74,18,0,0.744144,0.306609,0.744144,0.592119,0.744144,0.306447,0.744144,0.591661,17.65071286,8.29139289,0.243243,0.861007,-0.676146,-0.533067,0.77793983,0.589173,1.336308,2.376403,269.7521,IRCUT,,2025-07-24T07:54:20.682677,20293.329406,-40.072,,1.000000,17.65071286,8.29139289,0,0,0,0,1,1,0,0
190,master_tile_190.fits,C:\Users\TRISTAN\Desktop\astrophoto\andromeda\out\4-5-0\zemosaic_temp_master_tiles\master_tile_190.fits,59,15,0,0.845547,0.316777,0.845547,0.614713,0.840436,0.315717,0.840436,0.611666,13.51991039,6.67010055,0.254237,0.844453,-0.679829,0.500932,0.72338326,0.612787,1.230082,2.375315,269.0638,IRCUT,,2025-09-24T08:29:29.999821,20355.353819,21.953,,1.000000,13.51991039,6.67010055,0,0,0,0,0,0,0,0
191,master_tile_191.fits,C:\Users\TRISTAN\Desktop\astrophoto\andromeda\out\4-5-0\zemosaic_temp_master_tiles\master_tile_191.fits,109,9,0,0.835460,0.189759,0.835460,0.563308,0.835460,0.188579,0.835460,0.563030,14.99664598,3.67582520,0.082569,0.267825,0.000000,0.267825,0.72504707,0.614975,1.239565,2.375416,268.8476,IRCUT,,2025-11-20T23:31:36.245544,20412.980281,79.579,,1.000000,14.99664598,3.67582520,0,0,0,0,0,0,0,1
192,master_tile_192.fits,C:\Users\TRISTAN\Desktop\astrophoto\andromeda\out\4-5-0\zemosaic_temp_master_tiles\master_tile_192.fits,57,11,0,0.751664,0.283187,0.751664,0.595779,0.751664,0.283168,0.751664,0.595779,12.72109676,5.16481220,0.192982,1.209610,-0.659204,-1.014203,0.78809200,0.577067,1.431516,2.375188,269.0514,IRCUT,,2025-11-20T20:57:52.841913,20412.873528,79.472,,1.000000,12.72109676,5.16481220,0,0,0,0,1,1,1,1
193,master_tile_193.fits,C:\Users\TRISTAN\Desktop\astrophoto\andromeda\out\4-5-0\zemosaic_temp_master_tiles\master_tile_193.fits,50,8,0,0.897104,0.250701,0.897104,0.653795,0.720296,0.213642,0.720296,0.552261,6.10384708,2.54687914,0.160000,1.051292,0.049887,-1.050108,0.48694151,0.441800,1.160063,2.374067,269.0016,IRCUT,,2025-11-17T21:53:55.469073,20409.912448,76.511,,1.000000,6.10384708,2.54687914,0,0,0,1,0,0,0,0
194,master_tile_194.fits,C:\Users\TRISTAN\Desktop\astrophoto\andromeda\out\4-5-0\zemosaic_temp_master_tiles\master_tile_194.fits,84,15,0,0.744264,0.255313,0.744264,0.553026,0.744264,0.254930,0.744264,0.553026,17.64402897,6.82466772,0.178571,0.650233,0.577863,-0.298122,0.82270637,0.603092,1.427168,2.373483,269.1141,IRCUT,,2025-11-17T22:24:51.333779,20409.933927,76.533,,1.000000,17.64402897,6.82466772,0,0,0,0,1,1,0,0
195,master_tile_195.fits,C:\Users\TRISTAN\Desktop\astrophoto\andromeda\out\4-5-0\zemosaic_temp_master_tiles\master_tile_195.fits,79,17,0,0.645235,0.237101,0.645235,0.494442,0.645235,0.237101,0.645235,0.494442,18.34692033,8.23316382,0.215190,1.045905,0.629111,0.835545,0.97949572,0.704909,1.447155,2.375317,269.0729,IRCUT,,2025-11-18T23:05:47.154269,20410.962351,77.561,,1.000000,18.34692033,8.23316382,0,0,0,0,1,1,0,1
196,master_tile_196.fits,C:\Users\TRISTAN\Desktop\astrophoto\andromeda\out\4-5-0\zemosaic_temp_master_tiles\master_tile_196.fits,60,12,0,0.972081,0.353016,0.972081,0.725845,0.833589,0.327466,0.833589,0.652545,12.55820683,5.16424899,0.200000,0.768750,-0.666024,0.383911,0.59290099,0.605007,1.010706,2.374912,269.2049,IRCUT,,2025-11-18T20:11:37.016360,20410.841401,77.440,,1.000000,12.55820683,5.16424899,0,0,0,0,0,0,0,1
